rowID;ref_Label;gz_id;lugar_nombre;lugar_variantes;toponym-match;toponym-score;saint-match;category-match;territories-match;phase-1-outcome;ref_START;ref_END;ref_Partido;ref_Obispado;ref_Audiencia;manual_region;manual_province;manual_district;manual_ciudad_villa_only
1;Huanuco;6001084;Leon de Huanuco;;toponym_label;1;saint_null;category_null;matched;auto_adopt;1708.0;1708.0;;Lima;;;;;False
2;Llamellin;6001026;Llamellin;;toponym_label;1;saint_null;category_null;matched;auto_adopt;1710.0;1710.0;Conchucos;;;;;;False
3;Cayna;6001176;San Pedro Cayna;;toponym_label;1;saint_null;category_null;matched;auto_adopt;1719.0;1719.0;Tarma;;;;;;False
4;Mayunmarca;;;;;0;;;no_matches_all_levels;relegated;;;;;;;;;False
5;Paucartambo;6001184;Paucartambo;;toponym_label;1;saint_null;category_null;matched;auto_adopt;1721.0;1723.0;Tarma;;;;;;False
6;Tomina;;;;;0;;;no_matches_all_levels;relegated;;;;;;;;;False
7;Quiquijana;;;;;0;;;no_matches_all_levels;relegated;;;;;;;;;False
8;Ayabata;;;;;0;;;no_matches_all_levels;relegated;;;;;;;;;False
9;Andahuaylas;6000395;San Pedro Andahuaylas;;toponym_label;1;saint_null;category_null;matched;auto_adopt;1726.0;1726.0;Andahuaylas;Huamanga;;;;;False
10;San Marcos;6001245;San Marcos;;toponym_label;1;saint_mismatch;category_null;matched;adopted_candidate;1730.0;1730.0;Cajamarca;;;;;;False
11;Cochabamba;8000004;Cochabamba;Villa de Oropesa @;toponym_label;1;saint_null;category_null;matched;auto_adopt;1730.0;1730.0;;La Plata;;;;;False
12;Chipan;;;;;0;;;no_matches_all_levels;relegated;;;;;;;;;False
13;Aucara;;;;;0;;;no_matches_all_levels;relegated;;;;;;;;;False
14;Cabana;6000497;Cabana;;toponym_label;1;saint_null;category_null;matched;auto_adopt;1730.0;1730.0;Lucanas;;;;;;False
15;San Marcos;6001245;San Marcos;;toponym_label;1;saint_mismatch;category_null;matched;adopted_candidate;1731.0;1731.0;Cajamarca;;;;;;False
16;Cotabambas;;;;;0;;;no_matches_all_levels;relegated;;;;;;;;;False
17;Mara;6000267;Mara;;toponym_label;1;saint_null;category_null;matched;auto_adopt;1731.0;1731.0;Cotabambas;;;;;;False
18;Oruro;8000010;San Miguel de Oruro;Uru-Uru;toponym_label;1;saint_null;category_null;matched;auto_adopt;1731.0;1731.0;;La Plata;;;;;False
19;Lucanas;;;;;0;;;no_matches_all_levels;relegated;;;;;;;;;False
20;San Cristobal de Uco;;;;;0;;;no_matches_all_levels;relegated;;;;;;;;;False
21;Lucanas;6000495;San Juan Lucanas;;toponym_label;1;saint_null;category_null;matched;auto_adopt;1736.0;1736.0;;Huamanga;;;;;False
22;Atavillos Bajos;6000725;Atabillos Bajos;;toponym_label;1;saint_null;category_null;matched;auto_adopt;1736.0;1736.0;Canta;;;;;;False
23;Atonsulla;;;;;0;;;no_matches_all_levels;relegated;;;;;;;;;False
24;Asillo;;;;;0;;;no_matches_all_levels;relegated;;;;;;;;;False
25;Huamanga;6000006;San Juan de la Frontera de Huamanga;;toponym_label;1;saint_null;category_null;matched;auto_adopt;1737.0;1737.0;;Huamanga;;;;;False
26;Azangaro;;;;;0;;;no_matches_all_levels;relegated;;;;;;;;;False
27;Cutervo;6001367;Cutervo;Cuitervo @;toponym_label;1;saint_null;category_null;matched;auto_adopt;1738.0;1738.0;Cajamarca;;;;;;False
28;Oruro;8000010;San Miguel de Oruro;Uru-Uru;toponym_label;1;saint_null;category_null;matched;auto_adopt;1739.0;1739.0;;La Plata;;;;;False
29;Huamantanga;6000732;Huamantanga;;toponym_label;1;saint_null;category_null;matched;auto_adopt;1739.0;1739.0;Canta;;;;;;False
30;Castrovirreyna;6000610;Castrovirreyna;;toponym_label;1;saint_null;category_null;matched;auto_adopt;1739.0;1739.0;;Huamanga;;;;;False
31;Azangaro;;;;;0;;;no_matches_all_levels;relegated;;;;;;;;;False
32;Tarma;6000004;Tarma;;toponym_label;1;saint_null;category_null;matched;auto_adopt;1742.0;1750.0;;Lima;;;;;False
33;Iguari;;;;;0;;;no_matches_all_levels;relegated;;;;;;;;;False
34;Oteque;;;;;0;;;no_matches_all_levels;relegated;;;;;;;;;False
35;Guachinga;;;;;0;;;no_matches_all_levels;relegated;;;;;;;;;False
36;Tarma;6000004;Tarma;;toponym_label;1;saint_null;category_null;matched;auto_adopt;1744.0;1744.0;;Lima;;;;;False
37;Rapaz;6000998;Rapas;;toponym_label;1;saint_null;category_null;matched;auto_adopt;1744.0;1744.0;Cajatambo;;;;;;False
38;Cercado;;;;;0;;;no_matches_all_levels;relegated;;;;;;;;;False
39;Llacuabado;;;;;0;;;no_matches_all_levels;relegated;;;;;;;;;False
40;Ferrenafe;;;;;0;;;no_matches_all_levels;relegated;;;;;;;;;False
41;Lima;6000001;Lima;;toponym_label;1;saint_null;category_null;matched;auto_adopt;1750.0;1750.0;;Lima;;;;;False
42;Huarochiri;;;;;0;;;no_matches_all_levels;relegated;;;;;;;;;False
43;Urubamba;;;;;0;;;no_matches_all_levels;relegated;;;;;;;;;False
44;Zana;;;;;0;;;no_matches_all_levels;relegated;;;;;;;;;False
45;Ferrenafe;;;;;0;;;no_matches_all_levels;relegated;;;;;;;;;False
46;Potosi;8000006;Villa Imperial de Potosi;;toponym_label;1;saint_null;category_null;matched;auto_adopt;1751.0;1751.0;;La Plata;;;;;False
47;Jauja;6001133;Santa Fe de Hatun Xauxa;;toponym_label;1;saint_null;category_null;matched;auto_adopt;1755.0;1755.0;;Lima;;;;;False
48;Angaraes;;;;;0;;;no_matches_all_levels;relegated;;;;;;;;;False
49;Usquil;;;;;0;;;no_matches_all_levels;relegated;;;;;;;;;False
50;Ninacaca;6001181;Ninacaca;;toponym_label;1;saint_null;category_null;matched;auto_adopt;1756.0;1756.0;Tarma;;;;;;False
51;Carhuamayo;6001182;Carhuamayo;;toponym_label;1;saint_null;category_null;matched;auto_adopt;1756.0;1756.0;Tarma;;;;;;False
52;Chacayan;6001175;Chacayan;;toponym_label;1;saint_null;category_null;matched;auto_adopt;1757.0;1757.0;Tarma;;;;;;False
53;Yanacocha;;;;;0;;;no_matches_all_levels;relegated;;;;;;;;;False
54;Tapu;6001174;Tapu;Tapuc @;toponym_label;1;saint_null;category_null;matched;auto_adopt;1757.0;1757.0;Tarma;;;;;;False
55;Michivilca;6001191;Michivilca;;toponym_label;1;saint_null;category_null;matched;auto_adopt;1757.0;1757.0;Tarma;;;;;;False
56;Huarmacas;6001401;Huarmacas;Huarmaca @;toponym_label;1;saint_null;category_null;matched;auto_adopt;1758.0;1758.0;Piura;;;;;;False
57;Huamachuco;6001331;Huamachuco;;toponym_label;1;saint_null;category_null;matched;auto_adopt;1758.0;1758.0;;Trujillo;;;;;False
58;Otuzco;6001332;Otuzco;Otusco @;toponym_label;1;saint_null;category_null;matched;auto_adopt;1758.0;1758.0;;;Lima;;;;False
59;Pichuichuro;;;;;0;;;no_matches_all_levels;relegated;;;;;;;;;False
60;Totora;8000044;Totora;;toponym_label;1;saint_null;category_null;matched;auto_adopt;1760.0;1762.0;Carangas;;;;;;False
61;Simbal;6001442;San Juan Bautista Simbal;Zimbal @;toponym_label;1;saint_null;category_null;matched;auto_adopt;1761.0;1761.0;Trujillo;;;;;;False
62;Zepita;;;;;0;;;no_matches_all_levels;relegated;;;;;;;;;False
63;Pueblo Nuevo;;;;;0;;;no_matches_all_levels;relegated;;;;;;;;;False
64;San Luis Huancapi;;;;;0;;;no_matches_all_levels;relegated;;;;;;;;;False
65;Riobamba;;;;;0;;;no_matches_all_levels;relegated;;;;;;;;;False
66;Pichuichuro;;;;;0;;;no_matches_all_levels;relegated;;;;;;;;;False
67;Caylloma;6000070;Asiento de Caylloma;;toponym_label;1;saint_null;category_null;matched;auto_adopt;1766.0;1766.0;;Arequipa;;;;;False
68;Pomata;;;;;0;;;no_matches_all_levels;relegated;;;;;;;;;False
69;Puno;;;;;0;;;no_matches_all_levels;relegated;;;;;;;;;False
70;Mojos;;;;;0;;;no_matches_all_levels;relegated;;;;;;;;;False
71;Paraysancos;6000504;Paraysancos;Parayfancos @;toponym_label;1;saint_null;category_null;matched;auto_adopt;1768.0;1768.0;Lucanas;;;;;;False
72;Quito;5600001;Quito;;toponym_label;1;saint_null;category_null;matched;auto_adopt;1768.0;1768.0;;Quito;;;;;False
73;Chumbivilcas;;;;;0;;;no_matches_all_levels;relegated;;;;;;;;;False
74;Contumaza;6001242;Contumaza;;toponym_label;1;saint_null;category_null;matched;auto_adopt;1769.0;1769.0;;;Lima;;;;False
75;Asuncion;6001243;Asuncion;;toponym_label;1;saint_mismatch;category_null;matched;adopted_candidate;1769.0;1769.0;Cajamarca;;;;;;False
76;Sicuani;6000365;Sicuani;;toponym_label;1;saint_null;category_null;matched;auto_adopt;1770.0;1770.0;;;Lima;;;;False
77;Checacupe;;;;;0;;;no_matches_all_levels;relegated;;;;;;;;;False
78;Sicasica;8000034;Sicasica;Sica Sica @;toponym_label;1;saint_null;category_null;matched;auto_adopt;1770.0;1770.0;;La Plata;;;;;False
79;Caylloma;6000070;Asiento de Caylloma;;toponym_label;1;saint_null;category_null;matched;auto_adopt;1770.0;1770.0;;Arequipa;;;;;False
80;Chulimani;;;;;0;;;no_matches_all_levels;relegated;;;;;;;;;False
81;Pacajes;;;;;0;;;no_matches_all_levels;relegated;;;;;;;;;False
82;Santiago de Cao;6001440;Santiago de Cao;;toponym_nombre;1;saint_mismatch;category_null;matched;adopted_candidate;1771.0;1771.0;Trujillo;;;;;;False
83;Cocharcas;;;;;0;;;no_matches_all_levels;relegated;;;;;;;;;False
84;Morrope;;;;;0;;;no_matches_all_levels;relegated;;;;;;;;;False
85;Contumza;;;;;0;;;no_matches_all_levels;relegated;;;;;;;;;False
86;Quiquijana;;;;;0;;;no_matches_all_levels;relegated;;;;;;;;;False
87;Chipao;6000500;Chipao;Chipau @;toponym_label;1;saint_null;category_null;matched;auto_adopt;1771.0;1771.0;Lucanas;;;;;;False
88;Sodongo;;;;;0;;;no_matches_all_levels;relegated;;;;;;;;;False
89;Contumaza;6001242;Contumaza;;toponym_label;1;saint_null;category_null;matched;auto_adopt;1772.0;1772.0;Cajamarca;;;;;;False
90;Quechualla;;;;;0;;;no_matches_all_levels;relegated;;;;;;;;;False
91;Celendin;6001246;Celendin;;toponym_label;1;saint_null;category_null;matched;auto_adopt;1773.0;1773.0;Cajamarca;;;;;;False
92;Santiago de Chuco;6001335;Santiago de Chuco;;toponym_nombre;1;saint_mismatch;category_null;matched;adopted_candidate;1773.0;1773.0;Huamachuco;;;;;;False
93;Huari;;;;;0;;;no_matches_all_levels;relegated;;;;;;;;;False
94;Chota;;;;;0;;;no_matches_all_levels;relegated;;;;;;;;;False
95;Chumbivilcas;;;;;0;;;no_matches_all_levels;relegated;;;;;;;;;False
96;Cacamarca;6000439;Chacamarca;;toponym_label;1;saint_null;category_null;matched;auto_adopt;1774.0;1774.0;Vilcashuaman;;;;;;False
97;Huaylas;6001100;Huaylas;;toponym_label;1;saint_null;category_null;matched;auto_adopt;1774.0;1774.0;;Lima;;;;;False
98;Condo Condo;;;;;0;;;no_matches_all_levels;relegated;;;;;;;;;False
99;Santiago de Huamachuco;;;;;0;;;no_matches_all_levels;relegated;;;;;;;;;False
100;Cochabamba;8000004;Cochabamba;Villa de Oropesa @;toponym_label;1;saint_null;category_null;matched;auto_adopt;1775.0;1775.0;;La Plata;;;;;False
101;Viraco;6000103;Viraco;;toponym_label;1;saint_null;category_null;matched;auto_adopt;1775.0;1775.0;;;Lima;;;;False
102;Achoma;6000071;Achoma;;toponym_label;1;saint_null;category_null;matched;auto_adopt;1775.0;1775.0;Caylloma;;;;;;False
103;Huamalies;;;;;0;;;no_matches_all_levels;relegated;;;;;;;;;False
104;Maras;6000380;Maras;;toponym_label;1;saint_null;category_null;matched;auto_adopt;1777.0;1777.0;Urubamba;;;;;;False
105;La Paz;;;;;0;;;no_matches_all_levels;relegated;;;;;;;;;False
106;Velille;;;;;0;;;no_matches_all_levels;relegated;;;;;;;;;False
107;Yungay;6001102;Yungay;;toponym_label;1;saint_null;category_null;matched;auto_adopt;1779.0;1779.0;;;Lima;;;;False
108;Huaraz;6001098;San Sebastian Huaraz;;toponym_label;1;saint_null;category_null;matched;auto_adopt;1779.0;1779.0;;Lima;;;;;False
109;Arequipa;6000007;Arequipa;;toponym_label;1;saint_null;category_null;matched;auto_adopt;1780.0;1780.0;;Arequipa;;;;;False
110;Caylloma;6000070;Asiento de Caylloma;;toponym_label;1;saint_null;category_null;matched;auto_adopt;1780.0;1780.0;;Arequipa;;;;;False
111;Moquegua;6000122;Moquegua;;toponym_label;1;saint_null;category_null;matched;auto_adopt;1780.0;1780.0;;Arequipa;;;;;False
112;Yungay;6001102;Yungay;;toponym_label;1;saint_null;category_null;matched;auto_adopt;1780.0;1780.0;;;Lima;;;;False
113;Caraz;6001101;Caraz;;toponym_label;1;saint_null;category_null;matched;auto_adopt;1780.0;1780.0;;Lima;;;;;False
114;Huaraz;6001098;San Sebastian Huaraz;;toponym_label;1;saint_null;category_null;matched;auto_adopt;1780.0;1780.0;;Lima;;;;;False
115;Pasco;6001177;San Esteban de Yauricocha;San Esteban de Yauricocha @;toponym_label;1;saint_null;category_null;matched;auto_adopt;1780.0;1780.0;;Lima;;;;;False
116;La Paz;;;;;0;;;no_matches_all_levels;relegated;;;;;;;;;False
117;Chongos;6001144;Chongos;;toponym_label;1;saint_null;category_null;matched;auto_adopt;1780.0;1780.0;Jauja;;;;;;False
118;Mito;6001140;Mito;;toponym_label;1;saint_null;category_null;matched;auto_adopt;1780.0;1780.0;Jauja;;;;;;False
119;Chayanta;8000037;Espiritu Santo Chayanta;Chayantacas @;toponym_label;1;saint_null;category_null;matched;auto_adopt;1780.0;1780.0;;La Plata;;;;;False
120;Otuzco;6001332;Otuzco;Otusco @;toponym_label;1;saint_null;category_null;matched;auto_adopt;1780.0;1780.0;;;Lima;;;;False
121;Huamachuco;6001331;Huamachuco;;toponym_label;1;saint_null;category_null;matched;auto_adopt;1780.0;1780.0;;Trujillo;;;;;False
122;Huamanga;6000006;San Juan de la Frontera de Huamanga;;toponym_label;1;saint_null;category_null;matched;auto_adopt;1780.0;1780.0;;Huamanga;;;;;False
123;Tinta;;;;;0;;;no_matches_all_levels;relegated;;;;;;;;;False
124;Quipicanchis;;;;;0;;;no_matches_all_levels;relegated;;;;;;;;;False
125;Chumbivilcas;;;;;0;;;no_matches_all_levels;relegated;;;;;;;;;False
126;Condoroma;;;;;0;;;no_matches_all_levels;relegated;;;;;;;;;False
127;Carabaya;;;;;0;;;no_matches_all_levels;relegated;;;;;;;;;False
128;Paucartambo;;;;;0;;;no_matches_all_levels;relegated;;;;;;;;;False
129;Paruro;;;;;0;;;no_matches_all_levels;relegated;;;;;;;;;False
130;Lampa;;;;;0;;;no_matches_all_levels;relegated;;;;;;;;;False
131;Azangaro;;;;;0;;;no_matches_all_levels;relegated;;;;;;;;;False
132;Chucuito;;;;;0;;;no_matches_all_levels;relegated;;;;;;;;;False
133;Paucarcolla;;;;;0;;;no_matches_all_levels;relegated;;;;;;;;;False
134;Paria;8000049;San Ildefonso Paria;;toponym_label;1;saint_null;category_null;matched;auto_adopt;1781.0;1781.0;;La Plata;;;;;False
135;Chuquisaca;;;;;0;;;no_matches_all_levels;relegated;;;;;;;;;False
136;Cochabamba;8000004;Cochabamba;Villa de Oropesa @;toponym_label;1;saint_null;category_null;matched;auto_adopt;1781.0;1781.0;;La Plata;;;;;False
137;Oruro;8000010;San Miguel de Oruro;Uru-Uru;toponym_label;1;saint_null;category_null;matched;auto_adopt;1781.0;1781.0;;La Plata;;;;;False
138;Tapacari;;;;;0;;;no_matches_all_levels;relegated;;;;;;;;;False
139;Larecaja;;;;;0;;;no_matches_all_levels;relegated;;;;;;;;;False
140;Omasuyos;;;;;0;;;no_matches_all_levels;relegated;;;;;;;;;False
141;Pacajes;;;;;0;;;no_matches_all_levels;relegated;;;;;;;;;False
142;La Paz;;;;;0;;;no_matches_all_levels;relegated;;;;;;;;;False
143;Tupiza;;;;;0;;;no_matches_all_levels;relegated;;;;;;;;;False
144;Caylloma;6000070;Asiento de Caylloma;;toponym_label;1;saint_null;category_null;matched;auto_adopt;1781.0;1781.0;;Arequipa;;;;;False
145;Ychuma;;;;;0;;;no_matches_all_levels;relegated;;;;;;;;;False
146;Arica;6000021;Arica;;toponym_label;1;saint_null;category_null;matched;auto_adopt;1781.0;1781.0;;Arequipa;;;;;False
147;Cajatambo;6000943;Cajatambo;;toponym_label;1;saint_null;category_null;matched;auto_adopt;1781.0;1781.0;;Lima;;;;;False
148;Lambayeque;;;;;0;;;missing_spatial_fields;relegated;;;;;;;;;False
149;Vischongos;;;;;0;;;no_matches_all_levels;relegated;;;;;;;;;False
150;Checras;;;;;0;;;no_matches_all_levels;relegated;;;;;;;;;False
151;Huamanga;6000006;San Juan de la Frontera de Huamanga;;toponym_label;1;saint_null;category_null;matched;auto_adopt;1782.0;1782.0;;Huamanga;;;;;False
152;Marcapata;6000330;Marcapata;;toponym_label;1;saint_null;category_null;matched;auto_adopt;1783.0;1783.0;Quispicanchis;;;;;;False
153;Huarochiri;6000807;Huarochiri;;toponym_label;1;saint_null;category_null;matched;auto_adopt;1783.0;1783.0;;Lima;;;;;False
154;Oruro;8000010;San Miguel de Oruro;Uru-Uru;toponym_label;1;saint_null;category_null;matched;auto_adopt;1755.0;1755.0;Oruro;;;;;;False
155;Sicasica;;;;;0;;;no_matches_all_levels;relegated;;;;;;;;;False
156;Coroma?;;;;;0;;;no_matches_all_levels;relegated;;;;;;;;;False
157;Chope;;;;;0;;;no_matches_all_levels;relegated;;;;;;;;;False
158;Yanacachi;;;;;0;;;no_matches_all_levels;relegated;;;;;;;;;False
159;Chuma;8000110;Chuma;Chumo @;toponym_label;1;saint_null;category_null;matched;auto_adopt;1759.0;1759.0;Larecaja;;;;;;False
160;Laxa;;;;;0;;;no_matches_all_levels;relegated;;;;;;;;;False
161;Azangaro;;;;;0;;;no_matches_all_levels;relegated;;;;;;;;;False
162;Cabari;;;;;0;;;no_matches_all_levels;relegated;;;;;;;;;False
163;Laxa;;;;;0;;;no_matches_all_levels;relegated;;;;;;;;;False
164;Calacoto;8000125;Calacoto;;toponym_label;1;saint_null;category_null;matched;auto_adopt;1760.0;1760.0;Pacajes;;;;;;False
165;Toledo;8000053;Toledo;;toponym_label;1;saint_null;category_null;matched;auto_adopt;1760.0;1760.0;Paria;;;;;;False
166;Tarabucu;;;;;0;;;no_matches_all_levels;relegated;;;;;;;;;False
167;Tacobamba;8000183;Tacobamba;;toponym_label;1;saint_null;category_null;matched;auto_adopt;1761.0;1761.0;Porco;;;;;;False
168;Pocota;;;;;0;;;no_matches_all_levels;relegated;;;;;;;;;False
169;Tapacari;8000029;Tapacari;;toponym_label;1;saint_null;category_null;matched;auto_adopt;1762.0;1762.0;Cochabamba;;;;;;False
170;Viacha;8000131;Viacha;;toponym_label;1;saint_null;category_null;matched;auto_adopt;1762.0;1762.0;Pacajes;;;;;;False
171;Mohosa;;;;;0;;;no_matches_all_levels;relegated;;;;;;;;;False
172;Azangaro;;;;;0;;;no_matches_all_levels;relegated;;;;;;;;;False
173;Paucarcolla;;;;;0;;;no_matches_all_levels;relegated;;;;;;;;;False
174;Paucarcolla;;;;;0;;;no_matches_all_levels;relegated;;;;;;;;;False
175;Pomacanchis;;;;;0;;;no_matches_all_levels;relegated;;;;;;;;;False
176;Cabanaconde;6000072;Cabanaconde;Chabanaconde @  Cabana @;toponym_label;1;saint_null;category_null;matched;auto_adopt;1769.0;1769.0;Caylloma;;;;;;False
177;Caylloma;6000070;Asiento de Caylloma;;toponym_label;1;saint_null;category_null;matched;auto_adopt;1769.0;1769.0;;Arequipa;;;;;False
178;Huanchaco;;;;;0;;;no_matches_all_levels;relegated;;;;;;;;;False
179;Pinchuichuru;;;;;0;;;no_matches_all_levels;relegated;;;;;;;;;False
180;Surite;6000166;Surite;;toponym_label;1;saint_null;category_null;matched;auto_adopt;1768.0;1768.0;;;Lima;;;;False
181;Abancay;;;;;0;;;no_matches_all_levels;relegated;;;;;;;;;False
182;Chala;;;;;0;;;no_matches_all_levels;relegated;;;;;;;;;False
183;Callalli;6000073;Callalli;;toponym_label;1;saint_null;category_null;matched;auto_adopt;1769.0;1769.0;Caylloma;;;;;;False
184;Sicasica;8000034;Sicasica;Sica Sica @;toponym_label;1;saint_null;category_null;matched;auto_adopt;1769.0;1769.0;;La Plata;;;;;False
185;Achacacha;;;;;0;;;no_matches_all_levels;relegated;;;;;;;;;False
186;Laxa;;;;;0;;;no_matches_all_levels;relegated;;;;;;;;;False
187;Omasuyu;;;;;0;;;no_matches_all_levels;relegated;;;;;;;;;False
188;Chulumani;;;;;0;;;no_matches_all_levels;relegated;;;;;;;;;False
189;La Asunción;6001243;Asuncion;;toponym_label;1;saint_null;category_null;matched;auto_adopt;1769.0;1769.0;Cajamarca;;;;;;False
190;Caylloma;6000070;Asiento de Caylloma;;toponym_label;1;saint_null;category_null;matched;auto_adopt;1769.0;1769.0;;Arequipa;;;;;False
191;Sicuani;;;;;0;;;no_matches_all_levels;relegated;;;;;;;;;False
192;Caylloma;6000070;Asiento de Caylloma;;toponym_label;1;saint_null;category_null;matched;auto_adopt;1770.0;1770.0;;Arequipa;;;;;False
193;Totora;8000044;Totora;;toponym_label;1;saint_null;category_null;matched;auto_adopt;1770.0;1770.0;Carangas;;;;;;False
194;Curaguara;8000020;Curaguara de Carangas;Curugara @  Espiritu Santo @;toponym_label;1;saint_null;category_null;matched;auto_adopt;1770.0;1770.0;Carangas;;;;;;False
195;Morrope;6001431;Morrope;;toponym_label;1;saint_null;category_null;matched;auto_adopt;1770.0;1770.0;;Trujillo;;;;;False
196;Pacora;6001420;Pacora;;toponym_label;1;saint_null;category_null;matched;auto_adopt;1770.0;1770.0;;;Lima;;;;False
197;Jayanca;6001422;Jayanca;;toponym_label;1;saint_null;category_null;matched;auto_adopt;1770.0;1770.0;;;Lima;;;;False
198;Sana;6001415;Saña;Santiago de Miraflores @;toponym_label;1;saint_null;category_null;matched;auto_adopt;1770.0;1770.0;;Trujillo;;;;;False
199;Jesus de Machaca;8000127;Jesus de Machaca;;toponym_label;1;saint_mismatch;category_null;matched;adopted_candidate;1771.0;1771.0;Pacajes;La Paz;;;;;False
200;Quechualla;;;;;0;;;no_matches_all_levels;relegated;;;;;;;;;False
201;Velinga;;;;;0;;;no_matches_all_levels;relegated;;;;;;;;;False
202;Andahuaylas;6000395;San Pedro Andahuaylas;;toponym_label;1;saint_null;category_null;matched;auto_adopt;1771.0;1771.0;;Huamanga;;;;;False
203;Sondondo;6000534;Sondondo;;toponym_label;1;saint_null;category_null;matched;auto_adopt;1772.0;1772.0;Lucanas;;;;;;False
204;Caylloma;6000070;Asiento de Caylloma;;toponym_label;1;saint_null;category_null;matched;auto_adopt;1772.0;1772.0;;Arequipa;;;;;False
205;Quechualla;;;;;0;;;no_matches_all_levels;relegated;;;;;;;;;False
206;Celendin;6001246;Celendin;;toponym_label;1;saint_null;category_null;matched;auto_adopt;1773.0;1773.0;Cajamarca;;;;;;False
207;Callalli;6000073;Callalli;;toponym_label;1;saint_null;category_null;matched;auto_adopt;1773.0;1773.0;Caylloma;;;;;;False
208;Chuco;6001335;Santiago de Chuco;;toponym_label;1;saint_null;category_null;matched;auto_adopt;1773.0;1773.0;Huamachuco;;;;;;False
209;Pampas Huanchay;;;;;0;;;no_matches_all_levels;relegated;;;;;;;;;False
210;Pocsi;6000124;Pocsi;;toponym_label;1;saint_null;category_null;matched;auto_adopt;1774.0;1774.0;Moquegua;;;;;;False
211;Huaylas;;;;;0;;;no_matches_all_levels;relegated;;;;;;;;;False
212;Huamalies;;;;;0;;;no_matches_all_levels;relegated;;;;;;;;;False
213;Sicasica;8000034;Sicasica;Sica Sica @;toponym_label;1;saint_null;category_null;matched;auto_adopt;1774.0;1774.0;;La Plata;;;;;False
214;Chuco;6001335;Santiago de Chuco;;toponym_label;1;saint_null;category_null;matched;auto_adopt;1774.0;1774.0;Huamachuco;;;;;;False
215;Camana;6000055;Camana;;toponym_label;1;saint_null;category_null;matched;auto_adopt;1779.0;1779.0;;Arequipa;;;;;False
216;Lucanas;6000495;San Juan Lucanas;;toponym_label;1;saint_null;category_null;matched;auto_adopt;1779.0;1779.0;;Huamanga;;;;;False
217;Puno;8000002;San Carlos de Puno;;toponym_label;1;saint_null;category_null;matched;auto_adopt;1779.0;1779.0;Paucarcolla;;;;;;False
218;Paucarcolla;;;;;0;;;no_matches_all_levels;relegated;;;;;;;;;False
219;Azangaro;;;;;0;;;no_matches_all_levels;relegated;;;;;;;;;False
220;Paria;8000049;San Ildefonso Paria;;toponym_label;1;saint_null;category_null;matched;auto_adopt;1779.0;1779.0;;La Plata;;;;;False
221;Conchucos;6001033;Conchucos;;toponym_label;1;saint_null;category_null;matched;auto_adopt;1779.0;1779.0;;Lima;;;;;False
222;Urubamba;;;;;0;;;no_matches_all_levels;relegated;;;;;;;;;False
223;Aymaraes;;;;;0;;;no_matches_all_levels;relegated;;;;;;;;;False
224;Chaca;9900191;Chaca;;toponym_label;1;saint_null;category_null;matched;auto_adopt;1779.0;1779.0;;;Lima;;;;False
225;Tinta;;;;;0;;;no_matches_all_levels;relegated;;;;;;;;;False
226;Cotabambas;;;;;0;;;no_matches_all_levels;relegated;;;;;;;;;False
227;Parinacochas;;;;;0;;;no_matches_all_levels;relegated;;;;;;;;;False
228;Huanta;;;;;0;;;no_matches_all_levels;relegated;;;;;;;;;False
229;Tambo;;;;;0;;;no_matches_all_levels;relegated;;;;;;;;;False
230;Caraveli;6000059;Caraveli;;toponym_label;1;saint_null;category_null;matched;auto_adopt;1779.0;1779.0;Camana;;;;;;False
231;Usmagama;6001506;Usmagama;;toponym_label;1;saint_null;category_null;matched;auto_adopt;1779.0;1779.0;Tarapaca;;;;;;False
232;Majes;6001505;Valle de Majes;Mages;toponym_variante;1;saint_null;category_null;matched;adopted_candidate;1779.0;1779.0;Camana;;;;;;False
233;San Juan;6000351;San Juan;;toponym_label;1;saint_mismatch;category_null;matched;adopted_candidate;1775.0;1775.0;Quispicanchis;;;;;;False
234;Quiquijana;6000334;Quiquijana;;toponym_label;1;saint_null;category_null;matched;auto_adopt;1775.0;1775.0;Quispicanchis;;;;;;False
235;Chumbivilcas;;;;;0;;;no_matches_all_levels;relegated;;;;;;;;;False
236;Achoma;6000071;Achoma;;toponym_label;1;saint_null;category_null;matched;auto_adopt;1775.0;1775.0;Caylloma;;;;;;False
237;Chuquibamba;;;;;0;;;no_matches_all_levels;relegated;;;;;;;;;False
238;San Gaban;;;;;0;;;no_matches_all_levels;relegated;;;;;;;;;False
239;Urubamba;;;;;0;;;no_matches_all_levels;relegated;;;;;;;;;False
240;Pampacolca;;;;;0;;;no_matches_all_levels;relegated;;;;;;;;;False
241;Pampacolca;;;;;0;;;no_matches_all_levels;relegated;;;;;;;;;False
242;Pampacolca;;;;;0;;;no_matches_all_levels;relegated;;;;;;;;;False
243;Velille;;;;;0;;;no_matches_all_levels;relegated;;;;;;;;;False
244;Guancarama;;;;;0;;;no_matches_all_levels;relegated;;;;;;;;;False
245;Casapalca;9900210;Casapalca;;toponym_label;1;saint_null;category_null;matched;auto_adopt;1777.0;1777.0;;;Lima;;;;False
246;Chumbivilcas;;;;;0;;;no_matches_all_levels;relegated;;;;;;;;;False
247;Huamalies;;;;;0;;;no_matches_all_levels;relegated;;;;;;;;;False
248;Ubinas;6000127;Ubinas;;toponym_label;1;saint_null;category_null;matched;auto_adopt;1777.0;1777.0;Moquegua;;;;;;False
249;Huamanga;6000006;San Juan de la Frontera de Huamanga;;toponym_label;1;saint_null;category_null;matched;auto_adopt;1777.0;1777.0;;Huamanga;;;;;False
250;Chayanta;8000037;Espiritu Santo Chayanta;Chayantacas @;toponym_label;1;saint_null;category_null;matched;auto_adopt;1777.0;1777.0;;La Plata;;;;;False
251;Caylloma;6000070;Asiento de Caylloma;;toponym_label;1;saint_null;category_null;matched;auto_adopt;1777.0;1777.0;;Arequipa;;;;;False
252;Urubamba;;;;;0;;;no_matches_all_levels;relegated;;;;;;;;;False
253;Llacta Ouivilla;;;;;0;;;no_matches_all_levels;relegated;;;;;;;;;False
254;Piscobamba;6000415;Piscobamba;;toponym_label;1;saint_null;category_null;matched;auto_adopt;1778.0;1778.0;;;Lima;;;;False
255;Chaca;9900191;Chaca;;toponym_label;1;saint_null;category_null;matched;auto_adopt;1778.0;1778.0;;;Lima;;;;False
256;Conchucos;6001033;Conchucos;;toponym_label;1;saint_null;category_null;matched;auto_adopt;1778.0;1778.0;;Lima;;;;;False
257;Huamanga;6000006;San Juan de la Frontera de Huamanga;;toponym_label;1;saint_null;category_null;matched;auto_adopt;1778.0;1778.0;;Huamanga;;;;;False
258;Cotabambas;;;;;0;;;no_matches_all_levels;relegated;;;;;;;;;False
259;Viraco;;;;;0;;;no_matches_all_levels;relegated;;;;;;;;;False
260;Huaraz;6001098;San Sebastian Huaraz;;toponym_label;1;saint_null;category_null;matched;auto_adopt;1779.0;1779.0;;Lima;;;;;False
261;Caraz;6001101;Caraz;;toponym_label;1;saint_null;category_null;matched;auto_adopt;1779.0;1779.0;;Lima;;;;;False
262;Huaylas;6001100;Huaylas;;toponym_label;1;saint_null;category_null;matched;auto_adopt;1779.0;1779.0;;Lima;;;;;False
