rowID;ref_Label;gz_id;lugar_nombre;lugar_variantes;toponym-match;toponym-score;saint-match;category-match;territories-match;phase-1-outcome;ref_Region;ref_Jurisdiccion;ref_Obispado;ref_START;ref_END;ref_Pais;ref_Adm1;manual_region;manual_province;manual_district;manual_ciudad_villa_only
77;Tetitlan ;;;;;0.0;;;no_matches_all_levels;relegated;;;;;;;;;;;False
78;Actopan;;;;;0.0;;;no_matches_all_levels;relegated;;;;;;;;;;;False
89;Donicha;;;;;0.0;;;no_matches_all_levels;relegated;;;;;;;;;;;False
88;Sabanilla;;;;;0.0;;;no_matches_all_levels;relegated;;;;;;;;;;;False
82;San Juan Meztitlan ;1001286;San Juan Metztitlan;;toponym_nombre;1.0;saint_mismatch;category_null;matched;deleted_candidate;NES;Meztitlan ;;1805.0;1805.0;MEX;Hidalgo;;;;False
81;Zozoquiapam;;;;;0.0;;;no_matches_all_levels;relegated;;;;;;;;;;;False
83;Coamelco;1001245;San Nicolas Coamelco;;toponym_label;1.0;saint_null;category_null;matched;auto_adopt;NES;Meztitlan ;;1777.0;1777.0;MEX;Hidalgo;;;;False
80;Meztitlan;1000095;San Agustin Metztitlan;;toponym_label;1.0;saint_null;category_null;matched;auto_adopt;NES;Meztitlan ;;1772.0;1772.0;MEX;Hidalgo;;;;False
85;Real del Monte;1001381;Real del Monte;Real del Monte @;toponym_label;1.0;saint_null;category_null;matched;auto_adopt;NES;Pachuca;;1805.0;1805.0;MEX;Hidalgo;;;;False
86;Pachuca;1000007;Real de Pachuca;Real de Pachuca @;toponym_label;1.0;saint_null;category_null;matched;auto_adopt;NES;Pachuca;;1771.0;1771.0;MEX;Hidalgo;;;;False
75;Axacuba;1001610;Santa Maria Ajacuba;;toponym_label;1.0;saint_null;category_null;matched;auto_adopt;NES;Tetepango;;1744.0;1744.0;MEX;Hidalgo;;;;False
76;Tlapanaloya, district of Atitalaquia;;;;;0.0;;;no_matches_all_levels;relegated;;;;;;;;;;;False
74;Misquiaguala;;;;;0.0;;;no_matches_all_levels;relegated;;;;;;;;;;;False
90;Tulancingo;1000111;San Juan Bautista Tulancingo;;toponym_label;1.0;saint_null;category_null;matched;auto_adopt;NES;Tulancingo;;1769.0;1769.0;MEX;Hidalgo;;;;False
99;Dayonthe;;;;;0.0;;;no_matches_all_levels;relegated;;;;;;;;;;;False
98;La Milpa;;;;;0.0;;;no_matches_all_levels;relegated;;;;;;;;;;;False
92;San Francisco Soyalmiquilpa;;;;;0.0;;;no_matches_all_levels;relegated;;;;;;;;;;;False
94;Santa Maria Tixmadeje;1001060;Santa Maria Tixmadeje;;toponym_nombre;1.0;saint_mismatch;category_null;matched;deleted_candidate;NES;Xilotepec-Huichapan;;1789.0;1789.0;MEX;Hidalgo;;;;False
95;Alfajayuca;;;;;0.0;;;no_matches_all_levels;relegated;;;;;;;;;;;False
93;San Pedro Donicaa;;;;;0.0;;;no_matches_all_levels;relegated;;;;;;;;;;;False
96;Zimapatongo;;;;;0.0;;;no_matches_all_levels;relegated;;;;;;;;;;;False
72;Chimalhuacan;1000751;San Vicente Chimalhuacan;;toponym_label;1.0;saint_null;category_null;matched;auto_adopt;NES;Chalco;;1802.0;1802.0;MEX;Mexico;;;;False
69;Amecameca, barrio Tlailotlacan, ;;;;;0.0;;;no_matches_all_levels;relegated;;;;;;;;;;;False
68;Atlautla;1000742;San Miguel Atlautla;;toponym_label;1.0;saint_null;category_null;matched;auto_adopt;NES;Chalco;;1799.0;1799.0;MEX;Mexico;;;;False
67;Tlayacapan;1000799;San Pedro y San Pablo Tlayacapan;;toponym_label;1.0;saint_null;category_null;matched;auto_adopt;NES;Chalco;;1784.0;1784.0;MEX;Mexico;;;;False
71;Tlalmanalco;1000791;San Luis Tlalmanalco;;toponym_label;1.0;saint_null;category_null;matched;auto_adopt;NES;Chalco;;1773.0;1773.0;MEX;Mexico;;;;False
70;Tlalmanalco;1000791;San Luis Tlalmanalco;;toponym_label;1.0;saint_null;category_null;matched;auto_adopt;NES;Chalco;;1693.0;1693.0;MEX;Mexico;;;;False
66;Thetelzingo;1000899;San Nicolas Tetelcingo;;toponym_label;1.0;saint_null;category_null;matched;auto_adopt;NES;Cuahutla;;1778.0;1778.0;MEX;Mexico;;;;False
65;Achichipilco;;;;;0.0;;;no_matches_all_levels;relegated;;;;;;;;;;;False
64;Tepoztlan;1000953;Nativitas Tepoztlan;Tepuztlan;toponym_label;1.0;saint_null;category_null;matched;auto_adopt;NES;Cuernavaca;;1778.0;1778.0;MEX;Mexico;;;;False
56;Yzcatepec;;;;;0.0;;;no_matches_all_levels;relegated;;;;;;;;;;;False
57;Aclahuistlan;;;;;0.0;;;no_matches_all_levels;relegated;;;;;;;;;;;False
52;San Miguel Amealco;;;;;0.0;;;no_matches_all_levels;relegated;;;;;;;;;;;False
59;Malinalco;1001154;San Salvador Malinalco;;toponym_label;1.0;saint_null;category_null;matched;auto_adopt;NES;Malinalco;;1818.0;1818.0;MEX;Mexico;;;;False
63;Zumpahuacan;1001167;Asuncion Zumpahuacan;;toponym_label;1.0;saint_null;category_null;matched;auto_adopt;NES;Malinalco;;1808.0;1808.0;MEX;Mexico;;;;False
58;Malinalco;1001154;San Salvador Malinalco;;toponym_label;1.0;saint_null;category_null;matched;auto_adopt;NES;Malinalco;;1803.0;1803.0;MEX;Mexico;;;;False
62;Tenancingo;1000093;San Francisco Tenancingo;;toponym_label;1.0;saint_null;category_null;matched;auto_adopt;NES;Malinalco;;1797.0;1797.0;MEX;Mexico;;;;False
60;Azingo;1001147;San Juan Atzingo;;toponym_label;1.0;saint_null;category_null;matched;auto_adopt;NES;Malinalco;;1786.0;1786.0;MEX;Mexico;;;;False
61;Ocuila;;;;;0.0;;;no_matches_all_levels;relegated;;;;;;;;;;;False
34;Atlacomulco;;;;;0.0;;;no_matches_all_levels;relegated;;;;;;;;;;;False
33;Atlacomulco;;;;;0.0;;;no_matches_all_levels;relegated;;;;;;;;;;;False
32;Atlacomulco;;;;;0.0;;;no_matches_all_levels;relegated;;;;;;;;;;;False
28;Ocuioaca, district of Tenango;;;;;0.0;;;no_matches_all_levels;relegated;;;;;;;;;;;False
27;Metepec;1000094;San Juan Bautista Metepec;;toponym_label;1.0;saint_null;category_null;matched;auto_adopt;NES;Metepec;;1801.0;1801.0;MEX;Mexico;;;;False
23;Almoloya;1001171;San Mateo Almoloya;;toponym_label;1.0;saint_null;category_null;matched;auto_adopt;NES;Metepec;;1792.0;1792.0;MEX;Mexico;;;;False
39;Amanalco;1001173;San Jeronimo Amanalco;;toponym_label;1.0;saint_null;category_null;matched;auto_adopt;NES;Metepec;;1792.0;1792.0;MEX;Mexico;;;;False
26;Metepec;1000094;San Juan Bautista Metepec;;toponym_label;1.0;saint_null;category_null;matched;auto_adopt;NES;Metepec;;1772.0;1772.0;MEX;Mexico;;;;False
30;Ixtlahuaca;;;;;0.0;;;no_matches_all_levels;relegated;;;;;;;;;;;False
37;Los Reyes, district of Xocotitlán;;;;;0.0;;;no_matches_all_levels;relegated;;;;;;;;;;;False
25;Metepec;1000094;San Juan Bautista Metepec;;toponym_label;1.0;saint_null;category_null;matched;auto_adopt;NES;Metepec;;1735.0;1735.0;MEX;Mexico;;;;False
36;San Antonio;1001112;San Antonio;;toponym_label;1.0;saint_mismatch;category_null;matched;deleted_candidate;NES;Metepec;;1735.0;1735.0;MEX;Mexico;;;;False
36;San Antonio;1001187;San Antonio De La Laguna;San Antonio de la Laguna;toponym_label;1.0;saint_mismatch;category_null;matched;deleted_candidate;NES;Metepec;;1735.0;1735.0;MEX;Mexico;;;;False
31;Atlacomulco;1001087;Guadalupe Atlacomulco;;toponym_label;1.0;saint_null;category_null;matched;auto_adopt;NES;Metepec;;1733.0;1733.0;MEX;Mexico;;;;False
24;Metepec;1000094;San Juan Bautista Metepec;;toponym_label;1.0;saint_null;category_null;matched;auto_adopt;NES;Metepec;;1733.0;1733.0;MEX;Mexico;;;;False
21;Yolotepec;1001563;San Bartolome Oxolotepec;Otzolotepec @;toponym_levenshtein;0.89;saint_null;category_null;matched;adopted_candidate;NES;Metepec;;1733.0;1733.0;MEX;Mexico;;;;False
22;San Felipe, district of Ixtlahuaca;1001129;Santa Ana Ixtlahuaca;Ixtlahuaca;toponym_levenshtein;1.0;saint_mismatch;category_null;matched;deleted_candidate;NES;Metepec;;1730.0;1730.0;MEX;Mexico;;;;False
20;Tarasquillo;;;;;0.0;;;no_matches_all_levels;relegated;;;;;;;;;;;False
29;Ixtlahuaca;1000091;San Francisco Ixtlahuaca;;toponym_label;1.0;saint_null;category_null;matched;auto_adopt;NES;Metepec;;1727.0;1727.0;MEX;Mexico;;;;False
19;Tarasquillo;;;;;0.0;;;no_matches_all_levels;relegated;;;;;;;;;;;False
40;San Lorenzo and Santa Maria Guisisilapa;;;;;0.0;;;no_matches_all_levels;relegated;;;;;;;;;;;False
35;San Andres Mexicalcingo;;;;;0.0;;;no_matches_all_levels;relegated;;;;;;;;;;;False
38;San Mateo Atengo;;;;;0.0;;;no_matches_all_levels;relegated;;;;;;;;;;;False
54;Sultepec;1001480;Sultepec;;toponym_label;1.0;saint_null;category_null;matched;deleted_candidate;NES;Temascaltepec and Sultepec;;1764.0;1764.0;MEX;Mexico;;;;False
55;Pozontepec;1001508;Asuncion Potzontepec;;toponym_label;1.0;saint_null;category_null;matched;deleted_candidate;NES;Temascaltepec and Sultepec;;1758.0;1758.0;MEX;Mexico;;;;False
53;Tescaticlan;;;;;0.0;;;no_matches_all_levels;relegated;;;;;;;;;;;False
49;Calimaya,;1001543;San Pedro y San Pablo Calimaya;;toponym_label;1.0;saint_null;category_null;matched;auto_adopt;NES;Tenango del Valle (see also Ocuioaca under Metepec) ;;1803.0;1803.0;MEX;Mexico;;;;False
51;Ozolotepec;1001563;San Bartolome Oxolotepec;Otzolotepec @;toponym_levenshtein;1.0;saint_null;category_null;matched;deleted_candidate;NES;Tenango del Valle (see also Ocuioaca under Metepec) ;;1799.0;1799.0;MEX;Mexico;;;;False
48;Quintana, district of Ozolotepec;1001563;San Bartolome Oxolotepec;Otzolotepec @;toponym_levenshtein;0.91;saint_null;category_null;matched;deleted_candidate;NES;Tenango del Valle (see also Ocuioaca under Metepec) ;;1783.0;1783.0;MEX;Mexico;;;;False
50;Tenango;1000102;Asuncion Tenango del Valle;Teutenango;toponym_levenshtein;1.0;saint_null;category_null;matched;deleted_candidate;NES;Tenango del Valle (see also Ocuioaca under Metepec) ;;1762.0;1762.0;MEX;Mexico;;;;False
42;Ostumac;;;;;0.0;;;no_matches_all_levels;relegated;;;;;;;;;;;False
41;Yzcateopan;;;;;0.0;;;no_matches_all_levels;relegated;;;;;;;;;;;False
45;Apastla;;;;;0.0;;;no_matches_all_levels;relegated;;;;;;;;;;;False
47;Yztapa;;;;;0.0;;;no_matches_all_levels;relegated;;;;;;;;;;;False
43;Alahuistlan;;;;;0.0;;;no_matches_all_levels;relegated;;;;;;;;;;;False
44;Apastla;;;;;0.0;;;no_matches_all_levels;relegated;;;;;;;;;;;False
46;Apastla;;;;;0.0;;;no_matches_all_levels;relegated;;;;;;;;;;;False
161;San Pedro Añañe;;;;;0.0;;;no_matches_all_levels;relegated;;;;;;;;;;;False
160;Coixtlahuaca;;;;;0.0;;;no_matches_all_levels;relegated;;;;;;;;;;;False
132;Trinidad de la Huertas;;;;;0.0;;;no_matches_all_levels;relegated;;;;;;;;;;;False
156;San Miguel Malinaltepec;;;;;0.0;;;no_matches_all_levels;relegated;;;;;;;;;;;False
115;Zaachila;;;;;0.0;;;no_matches_all_levels;relegated;;;;;;;;;;;False
135;Lachixijo;;;;;0.0;;;no_matches_all_levels;relegated;;;;;;;;;;;False
131;Tlalixtac;;;;;0.0;;;no_matches_all_levels;relegated;;;;;;;;;;;False
130;Abasolo;;;;;0.0;;;no_matches_all_levels;relegated;;;;;;;;;;;False
119;Soledad Etla;;;;;0.0;;;no_matches_all_levels;relegated;;;;;;;;;;;False
127;Teotitlan del Valle;;;;;0.0;;;no_matches_all_levels;relegated;;;;;;;;;;;False
126;Teotitlan del Valle;;;;;0.0;;;no_matches_all_levels;relegated;;;;;;;;;;;False
118;Ocotlan;;;;;0.0;;;no_matches_all_levels;relegated;;;;;;;;;;;False
150;Achiutla;;;;;0.0;;;no_matches_all_levels;relegated;;;;;;;;;;;False
134;Tlapacoya;;;;;0.0;;;no_matches_all_levels;relegated;;;;;;;;;;;False
129;Various towns;;;;;0.0;;;no_matches_all_levels;relegated;;;;;;;;;;;False
114;Zaachila;;;;;0.0;;;no_matches_all_levels;relegated;;;;;;;;;;;False
159;San Miguel el Grande;;;;;0.0;;;no_matches_all_levels;relegated;;;;;;;;;;;False
148;Chalcatongo;;;;;0.0;;;no_matches_all_levels;relegated;;;;;;;;;;;False
158;Teposcolula;;;;;0.0;;;no_matches_all_levels;relegated;;;;;;;;;;;False
113;Zaachila;;;;;0.0;;;no_matches_all_levels;relegated;;;;;;;;;;;False
147;Yanhuitlan;;;;;0.0;;;no_matches_all_levels;relegated;;;;;;;;;;;False
155;Teozacualco ;;;;;0.0;;;no_matches_all_levels;relegated;;;;;;;;;;;False
123;Zimatlan;;;;;0.0;;;no_matches_all_levels;relegated;;;;;;;;;;;False
122;Zimatlan;;;;;0.0;;;no_matches_all_levels;relegated;;;;;;;;;;;False
133;Macuilx6chitl;;;;;0.0;;;no_matches_all_levels;relegated;;;;;;;;;;;False
109;San Pablo Etla;;;;;0.0;;;no_matches_all_levels;relegated;;;;;;;;;;;False
125;San Antonio de la Cal;;;;;0.0;;;no_matches_all_levels;relegated;;;;;;;;;;;False
157;Theotila;;;;;0.0;;;no_matches_all_levels;relegated;;;;;;;;;;;False
153;Santo Domingo Yodoino;;;;;0.0;;;no_matches_all_levels;relegated;;;;;;;;;;;False
152;Yolomecatl;;;;;0.0;;;no_matches_all_levels;relegated;;;;;;;;;;;False
151;Yolomecatl;;;;;0.0;;;no_matches_all_levels;relegated;;;;;;;;;;;False
137;Ayoquesco;;;;;0.0;;;no_matches_all_levels;relegated;;;;;;;;;;;False
121;Zimatlan;;;;;0.0;;;no_matches_all_levels;relegated;;;;;;;;;;;False
154;San Andres Xinastla;;;;;0.0;;;no_matches_all_levels;relegated;;;;;;;;;;;False
124;San Antonio de la Cal;;;;;0.0;;;no_matches_all_levels;relegated;;;;;;;;;;;False
108;Cuilapan;;;;;0.0;;;no_matches_all_levels;relegated;;;;;;;;;;;False
111;Sant Cruz Amilpas;;;;;0.0;;;no_matches_all_levels;relegated;;;;;;;;;;;False
128;Santa Lucia;;;;;0.0;;;no_matches_all_levels;relegated;;;;;;;;;;;False
110;Sant Cruz Amilpas;;;;;0.0;;;no_matches_all_levels;relegated;;;;;;;;;;;False
112;Zaachila;;;;;0.0;;;no_matches_all_levels;relegated;;;;;;;;;;;False
117;Guelavia;;;;;0.0;;;no_matches_all_levels;relegated;;;;;;;;;;;False
146;Usila;;;;;0.0;;;no_matches_all_levels;relegated;;;;;;;;;;;False
145;Tiltepec;;;;;0.0;;;no_matches_all_levels;relegated;;;;;;;;;;;False
116;Guelavia;;;;;0.0;;;no_matches_all_levels;relegated;;;;;;;;;;;False
136;San Pablo, district of Cuatro Villas;;;;;0.0;;;no_matches_all_levels;relegated;;;;;;;;;;;False
144;Xaltepetongo;;;;;0.0;;;no_matches_all_levels;relegated;;;;;;;;;;;False
143;Tamazulapa;;;;;0.0;;;no_matches_all_levels;relegated;;;;;;;;;;;False
142;Santiago Tillo;;;;;0.0;;;no_matches_all_levels;relegated;;;;;;;;;;;False
141;Xinastla;;;;;0.0;;;no_matches_all_levels;relegated;;;;;;;;;;;False
149;Chalcatongo;;;;;0.0;;;no_matches_all_levels;relegated;;;;;;;;;;;False
140;Sujeto of Teposcolula;;;;;0.0;;;no_matches_all_levels;relegated;;;;;;;;;;;False
139;Petalcingo;;;;;0.0;;;no_matches_all_levels;relegated;;;;;;;;;;;False
138;Achiutla;;;;;0.0;;;no_matches_all_levels;relegated;;;;;;;;;;;False
103;San Gabriel Chilac;;;;;0.0;;;no_matches_all_levels;relegated;;;;;;;;;;;False
102;Tetela de Xonotla;;;;;0.0;;;no_matches_all_levels;relegated;;;;;;;;;;;False
105;Izucar de Matamoros;;;;;0.0;;;no_matches_all_levels;relegated;;;;;;;;;;;False
101;San Andres Chalchicomula;;;;;0.0;;;no_matches_all_levels;relegated;;;;;;;;;;;False
104;Soquitlan;;;;;0.0;;;no_matches_all_levels;relegated;;;;;;;;;;;False
15;Cuauhtitlan;;;;;0.0;;;no_matches_all_levels;relegated;;;;;;;;;;;False
10;Ecatepec;1000087;San Cristobal Ecatepec;;toponym_label;1.0;saint_null;category_null;matched;auto_adopt;NES;Ecatepec;;1782.0;1782.0;MEX;;;;;False
9;Tulpetlac;1000991;Santa Maria Tulpetlac;;toponym_label;1.0;saint_null;category_null;matched;auto_adopt;NES;Ecatepec;;1780.0;1780.0;MEX;;;;;False
1;Mexicalcingo;1000096;San Marcos Mexicaltzingo;;toponym_label;1.0;saint_null;category_null;matched;auto_adopt;NES;Mexicalcingo;;1802.0;1802.0;MEX;;;;;False
3;Huitzilopochco;1001362;San Mateo Churubusco;Huitzilopochco @ Huizilobusco @ Ocholopuchco @ Choloposco;toponym_variante;1.0;saint_null;category_null;matched;adopted_candidate;NES;Mexicalcingo;;1800.0;1800.0;MEX;;;;;False
2;Santa Marta;;;;;0.0;;;no_matches_all_levels;relegated;;;;;;;;;;;False
18;Mexico City ;;;;;0.0;;;no_matches_all_levels;relegated;;;;;;;;;;;False
17;Mexico City ;;;;;0.0;;;no_matches_all_levels;relegated;;;;;;;;;;;False
16;Mexico City ;;;;;0.0;;;no_matches_all_levels;relegated;;;;;;;;;;;False
14;Ozumbilla;;;;;0.0;;;no_matches_all_levels;relegated;;;;;;;;;;;False
13;Betlen;;;;;0.0;;;no_matches_all_levels;relegated;;;;;;;;;;;False
5;Huixquilucan;1001429;San Antonio Huixquilucan;;toponym_label;1.0;saint_null;category_null;matched;auto_adopt;NES;Tacuba;;1769.0;1769.0;MEX;;;;;False
4;San Pedro Excapusaltongo;1001415;San Pedro Atzcaputzaltongo;Escapuzalco @ Excapusaltongo;toponym_levenshtein;1.0;saint_mismatch;category_null;matched;adopted_candidate;NES;Tacuba;;1760.0;1760.0;MEX;;;;;False
6;Tepetitlan;;;;;0.0;;;no_matches_all_levels;relegated;;;;;;;;;;;False
12;Acolman;1001635;San Agustin Acolman;;toponym_label;1.0;saint_null;category_null;matched;auto_adopt;NES;Texcoco;;1774.0;1774.0;MEX;;;;;False
11;Atengo;;;;;0.0;;;no_matches_all_levels;relegated;;;;;;;;;;;False
8;Xochitepec;1001828;Santa Cruz Xochitepec;;toponym_label;1.0;saint_null;category_null;matched;auto_adopt;NES;Xochimilco;;1796.0;1796.0;MEX;;;;;False
7;Milpa Alta;1001810;Asuncion Milpa Alta;;toponym_label;1.0;saint_null;category_null;matched;auto_adopt;NES;Xochimilco;;1720.0;1720.0;MEX;;;;;False
