id_i;ref_START;ref_END;Type;ref_Label;Territory;Location2;Location3;Location4;ref_Jurisdiccion;Region;Country;NAME_2;Motive;Details;Source;Unnamed: 16;OBJECTID;ID_0;ISO;NAME_0;ID_1;NAME_1;ID_2;Unnamed: 24;ID_3;NAME_3;rowID
1;1708;1708;Rebellion or revolt;Huanuco;Huanuco;;;;Huanuco;PER;;Huenuco;death of corregidor by vecinos;;O'Phelan, p. 285;;822;178;PER;Peru;9;Hu√°nuco;85;;822;Huanuco;1
2;1710;1710;Rebellion or revolt;Llamellin;;;;;Conchucos;PER;;Antonio Raymondi;revolt against diezmero alferez ;;O'Phelan, p. 285;;92;178;PER;Peru;2;Ancash;9;;92;Llamellin;2
3;1719;1719;Rebellion or revolt;Cayna;;;;;Tarma;PER;;Ambo;cacique and indians revolted again parish-priest;;O'Phelan, p. 285;;788;178;PER;Peru;9;Hu√°nuco;81;;788;Cayna;3
4;1720;1720;Rebellion or revolt;Mayunmarca;;;;;Huanta;PER;;Acobamba;revolt against tributos and mita quota;;O'Phelan, p. 285;;862;178;PER;Peru;10;Huancavelica;92;;862;Andabamba;4
5;1721;1723;Rebellion or revolt;Paucartambo;;;;;Tarma;PER;;Pasco;against diezmero-obrajero ;;O'Phelan, p. 285;;1505;178;PER;Peru;20;Pasco;152;;1505;Paucartambo;5
6;1722;1722;Rebellion or revolt;Tomina;;;;;Potosi;CHA;Bolivia;;death of ministro de justicia, aggression agains corregidores;;O'Phelan, p. 285;;;;;;;;;;;;6
7;1724;1724;Rebellion or revolt;Quiquijana;;;;;Cuzco;PER;;Quispicanchi;aggression against corregidor and his lieutenant;;O'Phelan, p. 285;;778;178;PER;Peru;8;Cusco;79;;778;Quiquijana;7
8;1726;1726;Rebellion or revolt;Ayabata;;;;;Carabaya;PER;;Carabaya;homicide of corregidor;;O'Phelan, p. 285;;1593;178;PER;Peru;22;Puno;162;;1593;Ayapata;8
9;1726;1726;Rebellion or revolt;Andahuaylas;Andahuaylas;;;;Andahuaylas;PER;;Andahuaylas;revolt against corregidor and clergyman;;O'Phelan, p. 285;;259;178;PER;Peru;3;Apurimac;29;;259;Andahuaylas;9
10;1730;1730;Rebellion or revolt;San Marcos;;;;;Cajamarca;PER;;San Marcos;stoning of corregidor to rescue prisoner;;O'Phelan, p. 285;;647;178;PER;Peru;6;Cajamarca;63;;647;Pedro Galvez;10
11;1730;1730;Rebellion or revolt;Cochabamba;Cochabamba;;;;Cochabamba;CHA;Bolivia;;revolt against revisita;;O'Phelan, p. 286;;;;;;;;;;;;11
12;1730;1730;Rebellion or revolt;Chipan;;;;;Lucanas;PER;;Lucanas;local priests resisted by the Indian community;;O'Phelan, p. 286;;482;178;PER;Peru;5;Ayacucho;48;;482;Chipao;12
12;1730;1730;Rebellion or revolt;Aucara;;;;;Lucanas;PER;;Lucanas;;;O'Phelan, p. 286;;478;178;PER;Peru;5;Ayacucho;48;;478;Aucara;13
12;1730;1730;Rebellion or revolt;Cabana;;;;;Lucanas;PER;;Lucanas;;;O'Phelan, p. 286;;479;178;PER;Peru;5;Ayacucho;48;;479;Cabana;14
13;1731;1731;Rebellion or revolt;San Marcos;;;;;Cajamarca;PER;;San Marcos;against corregidor;charged mestizos with repartos;O'Phelan, p. 286;;647;178;PER;Peru;6;Cajamarca;63;;647;Pedro Galvez;15
14;1731;1731;Rebellion or revolt;Cotabambas;;;;;Cuzco;PER;;Cotabambas;against corregidor and tax collector;increase of mita quota;O'Phelan, p. 286;;311;178;PER;Peru;3;Apur√≠mac;33;;311;Cotabambas;16
15;1731;1731;Rebellion or revolt;Mara;;;;;Cotabambas;PER;;Cotabambas;attempted revolt against tax collector;;O'Phelan, p. 286;;314;178;PER;Peru;3;Apur√≠mac;33;;314;Mara;17
16;1731;1731;Rebellion or revolt;Oruro;Oruro;;;;Oruro;CHA;Bolivia;;indian unrest connected to disclosure of tributos evasion;;O'Phelan, p. 286;;;;;;;;;;;;18
17;1732;1732;Rebellion or revolt;Lucanas;;;;;Ayacucho;PER;;Lucanas;indian revolt by former Indian alcande against corregidor;;O'Phelan, p. 286;;487;178;PER;Peru;5;Ayacucho;48;;487;Lucanas;19
18;1735;1735;Rebellion or revolt;San Cristobal de Uco;;;;;Cajamarca;PER;;Huari;Indio forastero provoked revolt against civil and ecclesiastical authorities;;O'Phelan, p. 286;;164;178;PER;Peru;2;Ancash;17;;164;Uco;20
19;1736;1736;Rebellion or revolt;Lucanas;Lucanas;;;;Lucanas;PER;;Lucanas;Indian uprising against Don during festivities;;O'Phelan, p. 286;;487;178;PER;Peru;5;Ayacucho;48;;487;Lucanas;21
20;1736;1736;Rebellion or revolt;Atavillos Bajos;;;;;Canta;PER;;Huaral;revolt against primicias collection led by members of Cabildo indigena against collector priest;;O'Phelan, p. 286;;1313;178;PER;Peru;16;Lima;133;;1313;Atavillos Bajo;22
21;1736;1736;Rebellion or revolt;Atonsulla;;;;;Castrovirreyna;PER;;;mining laborers revolted against tax collector and enterador de mitas;;O'Phelan, p. 286;;;;;;;;;;;;23
22;1736;1736;Rebellion or revolt;Asillo;;;;;Azangaro;PER;;Azangaro;unrest aimed at expelling priest;;O'Phelan, p. 286;;1578;178;PER;Peru;22;Puno;161;;1578;Asillo;24
23;1737;1737;Rebellion or revolt;Huamanga;Huamanga;;;;Huamanga;PER;;Huamanga;unrest provoked by the alcalde ordinario ;;O'Phelan, p. 286;;447;178;PER;Peru;5;Ayacucho;44;;447;Ayacucho;25
24;1737;1737;Rebellion or revolt;Azangaro;;;;;Cuzco;PER;;Azangaro;abortive rebellion, 17 provinces were involved;;O'Phelan, p. 286;;1579;178;PER;Peru;22;Puno;161;;1579;Azangaro;26
25;1738;1738;Rebellion or revolt;Cutervo;;;;;Cajamarca;PER;;Cutervo;Indian revolt led by the mestizo against civil and ecclesiastical authorities;;O'Phelan, p. 286;;607;178;PER;Peru;6;Cajamarca;59;;607;Cutervo;27
26;1739;1739;Rebellion or revolt;Oruro;Oruro;;;;Oruro;PER;Bolivia;;abortive revolt against taxation;;O'Phelan, p. 286;;;;;;;;;;;;28
27;1739;1739;Rebellion or revolt;Huamantanga;;;;;Canta;PER;;Canta;against corregidor;;O'Phelan, p. 286;1730s;1307;178;PER;Peru;16;Lima;132;;1307;Huamantanga;29
28;1739;1739;Rebellion or revolt;Castrovirreyna;Castrovirreyna;;;;Castrovirreyna;PER;;Castrovirreyna;homicide of corregidor;;O'Phelan, p. 286;1730s;884;178;PER;Peru;10;Huancavelica;94;;884;Castrovirreyna;30
29;1741;1741;Rebellion or revolt;Azangaro;Azangaro;;;;Azangaro;PER;;Azangaro;Indian resistence agsint reparto ;;O'Phelan, p. 286;;1579;178;PER;Peru;22;Puno;161;;1579;Azangaro;31
30;1742;1750;Rebellion or revolt;Tarma;Tarma;;;;Tarma;PER;;Tarma;rebellion led Atahualpa;;O'Phelan, p. 286;;1110;178;PER;Peru;12;Junin;111;;1110;Tarma;32
31;1744;1744;Rebellion or revolt;Iguari;;;;;Chancay;PER;;Huaral;revolt against priest;;O'Phelan, p. 286;;1317;178;PER;Peru;16;Lima;133;;1317;Ihuari;33
31;1744;1744;Rebellion or revolt;Oteque;;;;;Chancay;PER;;Huaral;;;O'Phelan, p. 286;;1317;178;PER;Peru;16;Lima;133;;1317;Ihuari;34
31;1744;1744;Rebellion or revolt;Guachinga;;;;;Chancay;PER;;Huaral;;;O'Phelan, p. 286;;1317;178;PER;Peru;16;Lima;133;;1317;Ihuari;35
32;1744;1744;Rebellion or revolt;Tarma;Tarma;;;;Tarma;PER;;Tarma;homicide of corregidor;collection of reparto debts;O'Phelan, p. 286;;1110;178;PER;Peru;12;Junin;111;;1110;Tarma;36
33;1744;1744;Rebellion or revolt;Rapaz;;;;;Cajatambo;PER;;Oyon;violent land occupation by Indians;;O'Phelan, p. 286;;1372;178;PER;Peru;16;Lima;136;;1372;Oyon;37
34;1747;1747;Rebellion or revolt;Cercado;;;;;Lima;PER;;Lima;revolt led by indios olleros against local authorities;;O'Phelan, p. 286;;1250;178;PER;Peru;15;Lima Province;128;;1250;Lima;38
35;1749;1749;Rebellion or revolt;Llacuabado;;;;;Huarochiri;PER;;;armed resistence against corregidor lieutenant;;O'Phelan, p. 286;;;;;;;;;;;;39
36;1749;1749;Rebellion or revolt;Ferrenafe;;;;;Sana;PER;;Ferrenafe;Indian tax collector revolted agasint corregidor;;O'Phelan, p. 286;;1219;178;PER;Peru;14;Lambayeque;126;;1219;Ferrenafe;40
37;1750;1750;Rebellion or revolt;Lima;;;;;Lima;PER;;Lima;"Indian and mestizo rebellion against ""bad government""";;O'Phelan, p. 286;;1250;178;PER;Peru;15;Lima Province;128;;1250;Lima;41
38;1750;1750;Rebellion or revolt;Huarochiri;;;;;Lima;PER;;Huarochiri;Rebellion against Crown's anti-mestizo policy and Spanish authorities;;O'Phelan, p. 286;;1331;178;PER;Peru;16;Lima;134;;1331;Huarochiri;42
39;1751;1751;Rebellion or revolt;Urubamba;;;;;Cuzco;PER;;Urubamba;against corregidor;against imprisonment of and Indian;O'Phelan, p. 286;;785;178;PER;Peru;8;Cusco;80;;785;Urubamba;43
40;1751;1751;Rebellion or revolt;Zana;Saña;;;;Saña;PER;;Chiclayo;revolt led by cuadrillas de negros;;O'Phelan, p. 286;;1216;178;PER;Peru;14;Lambayeque;125;;1216;Sa√±a;44
41;1751;1751;Rebellion or revolt;Ferrenafe;;;;;Sana;PER;;Ferrenafe;against corregidor and local cacique;to avoid division of cacicazgo;O'Phelan, p. 286;;1219;178;PER;Peru;14;Lambayeque;126;;1219;Ferrenafe;45
42;1751;1751;Rebellion or revolt;Potosi;Potosi;;;;Potosi;CHA;Bolivia;;indios capchas;worked at mine killed Spaniard;O'Phelan, p. 286;;;;;;;;;;;;46
43;1755;1755;Rebellion or revolt;Jauja;Jauja;;;;Jauja;PER;;Jauja;Land conflict between Spaniards and local cacique;;O'Phelan, p. 286;;1065;178;PER;Peru;12;Jun√≠n;108;;1065;Jauja;47
44;1756;1756;Rebellion or revolt;Angaraes;Angaraes;;;;Angaraes;PER;;Angaraes;Indian upheaval ;occupation of communal land by Spaniards and mestizos and against reparto;O'Phelan, p. 286;;876;178;PER;Peru;10;Huancavelica;93;;876;Julcamarca;48
45;1756;1756;Rebellion or revolt;Usquil;;;;;Huamachuco;PER;;Otuzco;against obraje administration;;O'Phelan, p. 286;;1154;178;PER;Peru;13;La Libertad;118;;1154;Usquil;49
46;1756;1756;Rebellion or revolt;Ninacaca;;;;;Tarma;PER;;Pasco;local priest led revolt against corregidor;corregidor changed Indian alcalde appointed by them;O'Phelan, p. 286;;1503;178;PER;Peru;20;Pasco;152;;1503;Ninacaca;50
46;1756;1756;Rebellion or revolt;Carhuamayo;;;;;Tarma;PER;;Jun√≠n;;;O'Phelan, p. 286;;1089;178;PER;Peru;12;Junin;109;;1089;Carhuamayo;51
47;1757;1757;Rebellion or revolt;Chacayan;;;;;Tarma;PER;;Daniel Alcides Carri√≥n;Indian revolt ;against corregidor, and primicia tax;O'Phelan, p. 286;;1484;178;PER;Peru;20;Pasco;150;;1484;Chacayan;52
47;1757;1757;Rebellion or revolt;Yanacocha;;;;;Tarma;PER;;Tarma;;;O'Phelan, p. 286;;1102;178;PER;Peru;12;Junin;111;;1102;Acobamba;53
47;1757;1757;Rebellion or revolt;Tapu;;;;;Tarma;PER;;Tarma;;;O'Phelan, p. 286;;1109;178;PER;Peru;12;Jun√≠n;111;;1109;Tapo;54
47;1757;1757;Rebellion or revolt;Michivilca;;;;;Tarma;PER;;Daniel Alcides Carri√≥n;;;O'Phelan, p. 286;;1489;178;PER;Peru;20;Pasco;150;;1489;Tapuc;55
48;1758;1758;Rebellion or revolt;Huarmacas;;;;;Piura;PER;;Huancabamba;against priest;accused of expropriating communal land;O'Phelan, p. 286;;1525;178;PER;Peru;21;Piura;154;;1525;Huarmaca;56
49;1758;1758;Rebellion or revolt;Huamachuco;Huamachuco;;;;Huamachuco;PER;;S√°nchez Carri√≥n;against population count;;O'Phelan, p. 286;;1176;178;PER;Peru;13;La Libertad;121;;1176;Huamachuco;57
50;1758;1758;Rebellion or revolt;Otuzco;;;;;;PER;;Otuzco;released prisoners;;O'Phelan, p. 286;;1150;178;PER;Peru;13;La Libertad;118;;1150;Otuzco;58
51;1760;1760;Rebellion or revolt;Pichuichuro;;;;;Abancay;PER;;Anta;at obraje;oficinas burnt down;O'Phelan, p. 286;;685;178;PER;Peru;8;Cusco;69;;685;Ancahuasi;59
52;1760;1762;Rebellion or revolt;Totora;;;;;Carangas;CHA;Bolivia;;against revisita;;O'Phelan, p. 286;;;;;;;;;;;;60
53;1761;1761;Rebellion or revolt;Simbal;;;;;Trujillo;PER;;Trujillo;by indios forasteros;to expel priest;O'Phelan, p. 286;;1197;178;PER;Peru;13;La Libertad;123;;1197;Simbal;61
54;1762;1762;Rebellion or revolt;Zepita;Chucuito;;;;Chucuito;PER;;Chucuito;against local revisita and numeracion de tributarios;;O'Phelan, p. 286;;1608;178;PER;Peru;22;Puno;163;;1608;Zepita;62
55;1764;1764;Rebellion or revolt;Pueblo Nuevo;;;;;Sana;PER;;Ferre√±afe;by Indians and mestizos;to defend local priest;O'Phelan, p. 286;;1223;178;PER;Peru;14;Lambayeque;126;;1223;Pueblo Nuevo;63
56;1764;1764;Rebellion or revolt;San Luis Huancapi;;;;;Vilcashuaman;PER;;Victor Fajardo;against tribute collector;against mita quota to Huancavelica;O'Phelan, p. 286;;536;178;PER;Peru;5;Ayacucho;52;;536;Huancapi;64
57;1764;1764;Rebellion or revolt;Riobamba;;;;;Quito;QUI;Ecuador;;Indians;against obraje administrator due to increase in tareas;O'Phelan, p. 286;;;;;;;;;;;;65
58;1765;1765;Rebellion or revolt;Pichuichuro;;;;;Abancay;PER;;Anta;Labourers from obraje;against mayordolomos and mandones;O'Phelan, p. 286;;685;178;PER;Peru;8;Cusco;69;;685;Ancahuasi;66
59;1766;1766;Rebellion or revolt;Caylloma;Caylloma;;;;Caylloma;PER;;Caylloma;led by priests;;O'Phelan, p. 286;;398;178;PER;Peru;4;Arequipa;39;;398;Caylloma;67
60;1766;1767;Rebellion or revolt;Pomata;;;;;Chucuito;PER;;Chucu√≠to;by Indians   ;against revisita and increase in tribute;O'Phelan, p. 286;;1607;178;PER;Peru;22;Puno;163;;1607;Pomata;68
61;1766;1767;Rebellion or revolt;Puno;Puno;;;;Puno;PER;;Puno;by Indians;against Justicia mayor;O'Phelan, p. 286;;1658;178;PER;Peru;22;Puno;170;;1658;Puno;69
62;1767;1768;Rebellion or revolt;;Mojos;;;;Mojos;CHA;Bolivia?;;by Indians;against Crown due to the expulsion of Jesuits;O'Phelan, p. 286;;;;;;;;;;;;70
63;1768;1768;Rebellion or revolt;Paraysancos;;;;;Lucanas;PER;;Huanca Sancos;led by priest  ;against reparto;O'Phelan, p. 286;;461;178;PER;Peru;5;Ayacucho;45;;461;Sancos;71
64;1768;1768;Rebellion or revolt;Quito;Quito;;;;Quito;;Ecuador;;against alcabalas;;O'Phelan, p. 286;;;;;;;;;;;;72
65;1768;1768;Rebellion or revolt;Chumbivilcas;Chumbivilcas;;;;Chumbivilcas;PER;;Chumbivilcas;against corregidor;support priest that Chala was part of Calamani's curato;O'Phelan, p. 286;;725;178;PER;Peru;8;Cusco;73;;725;Santo Tomas;73
66;1769;1769;Rebellion or revolt;Contumaza;Cajamarca;;;;Cajamarca;PER;;Contumaz√°;against tribute and revisitador;;O'Phelan, p. 286;;597;178;PER;Peru;6;Cajamarca;58;;597;Contumaza;74
67;1769;1769;Rebellion or revolt;Asuncion;;;;;Cajamarca;PER;;Cajamarca;by Indians and mestizos;attacked revisitador de tributos;O'Phelan, p. 286;;553;178;PER;Peru;6;Cajamarca;55;;553;Asuncion;75
68;1770;1770;Rebellion or revolt;Sicuani;Tinta;;;;Tinta;PER;;Canchis;by Indians;invasion of doctrina;O'Phelan, p. 286;;717;178;PER;Peru;8;Cusco;72;;717;Sicuani;76
69;1770;1770;Rebellion or revolt;Checacupe;;;;;Tinta;PER;;Canchis;by Indians;set fire of corregidor's home;O'Phelan, p. 286;;711;178;PER;Peru;8;Cusco;72;;711;Checacupe;77
70;1770;1770;Rebellion or revolt;Sicasica;;;;;;CHA;Bolivia;;by Indians;killed a lieutenant ;O'Phelan, p. 286;;;;;;;;;;;;78
71;1770;1770;Rebellion or revolt;Caylloma;;;;;;PER;;Caylloma;by Indians;against corregidor, and reparto;O'Phelan, p. 286;;398;178;PER;Peru;4;Arequipa;39;;398;Caylloma;79
72;1771;1771;Rebellion or revolt;Chulimani;;;;;Sicasica;CHA;Bolivia;;by Indians;against corregidor;O'Phelan, p. 286;;;;;;;;;;;;80
73;1771;1771;Rebellion or revolt;Pacajes;;;;;;CHA;Bolivia;;by Indians;homicide of corregidor;O'Phelan, p. 286;;;;;;;;;;;;81
74;1771;1771;Rebellion or revolt;Santiago de Cao;;;;;Trujillo;PER;;Ascope;against Indio alcalde ;he blocked access to local riegos;O'Phelan, p. 286;;1127;178;PER;Peru;13;La Libertad;113;;1127;Santiago de Cao;82
75;1771;1771;Rebellion or revolt;Cocharcas;;;;;Andahuaylas;PER;;Chincheros;by priest;against corregidor;O'Phelan, p. 286;;304;178;PER;Peru;3;Apur√≠mac;32;;304;Cocharcas;83
76;1771;1771;Rebellion or revolt;Morrope;;;;;Sana;PER;;Lambayeque;conflict btw caciques ;;O'Phelan, p. 286;;1229;178;PER;Peru;14;Lambayeque;127;;1229;Morrope;84
77;1771;1771;Rebellion or revolt;Contumza;;;;;Cajamarca;PER;;Contumaz√°;against priest;;O'Phelan, p. 286;;597;178;PER;Peru;6;Cajamarca;58;;597;Contumaza;85
78;1771;1771;Rebellion or revolt;Quiquijana;;;;;Quipicanchis;PER;;Quispicanchi;by Indians;homicide of corregidor's tax collector as a result of their reparto indetedness;O'Phelan, p. 286;;778;178;PER;Peru;8;Cusco;79;;778;Quiquijana;86
79;1771;1771;Rebellion or revolt;Chipao;;;;;Lucanas;PER;;Lucanas;land dispute btw the cacique and Indians;;O'Phelan, p. 286;;482;178;PER;Peru;5;Ayacucho;48;;482;Chipao;87
79;1771;1771;Rebellion or revolt;Sodongo;;;;;Lucanas;PER;;;;;O'Phelan, p. 286;;;;;;;;;;;;88
80;1772;1772;Rebellion or revolt;Contumaza;;;;;Cajamarca;PER;;Contumaz√°;against juez de comision;;O'Phelan, p. 286;;597;178;PER;Peru;6;Cajamarca;58;;597;Contumaza;89
81;1772;1772;Rebellion or revolt;Quechualla;;;;;Arequipa;PER;;La Uni√≥n;against corregidor;;O'Phelan, p. 286;;434;178;PER;Peru;4;Arequipa;42;;434;Quechualla;90
82;1773;1773;Rebellion or revolt;Celendin;;;;;Cajamarca;PER;;Celend√≠n;against corregidor;involved creoles and mestizos in reparto;O'Phelan, p. 286;;565;178;PER;Peru;6;Cajamarca;56;;565;Celendin;91
83;1773;1773;Rebellion or revolt;Santiago de Chuco;;;;;Huamachuco;PER;;Santiago de Chuco;by mestizos;against corregidor;O'Phelan, p. 286;;1187;178;PER;Peru;13;La Libertad;122;;1187;Santiago de Chuco;92
84;1774;1774;Rebellion or revolt;Huari;;;;;Conchucos;PER;;Huari;against corregidor's lieutenant;;O'Phelan, p. 286;;156;178;PER;Peru;2;Ancash;17;;156;Huari;93
85;1774;1774;Rebellion or revolt;Chota;;;;;Guambos;PER;;Chota;against corregidor;;O'Phelan, p. 286;;583;178;PER;Peru;6;Cajamarca;57;;583;Chota;94
86;1774;1774;Rebellion or revolt;Chumbivilcas;;;;;;PER;;Chumbivilcas;homicide of Spaniard;he imprisoned local cacique;O'Phelan, p. 286;;725;178;PER;Peru;8;Cusco;73;;725;Santo Tomas;95
87;1774;1774;Rebellion or revolt;Cacamarca;;;;;Vilcashuaman;PER;;Vilcas Huam√°n;against obraje administration;;O'Phelan, p. 286;;548;178;PER;Peru;5;Ayacucho;53;;548;Vischongo;96
88;1774;1774;Rebellion or revolt;Huaylas;;;;;;PER;;Huaylas;homicide of alguacil;;O'Phelan, p. 286;;173;178;PER;Peru;2;Ancash;19;;173;Huaylas;97
89;1774;1774;Rebellion or revolt;Condo Condo;;;;;Paria;PER;;;by Indians;homicide of cacique and his brother as reprisal for the murder of an indio tributario;O'Phelan, p. 286;;;;;;;;;;;;98
90;1775;1775;Rebellion or revolt;Santiago de Huamachuco;;;;;;PER;;S√°nchez Carri√≥n;by Indians;against corregidor due to piara de mulas;O'Phelan, p. 286;;1176;178;PER;Peru;13;La Libertad;121;;1176;Huamachuco;99
91;1775;1775;Rebellion or revolt;Cochabamba;;;;;;CHA;Bolivia;;against establishment of local custom house;;O'Phelan, p. 286;;;;;;;;;;;;100
92;1775;1775;Rebellion or revolt;Viraco;;;;;;PER;;Castilla;by Indians;against tax collector, reparto;O'Phelan, p. 286;;394;178;PER;Peru;4;Arequipa;38;;394;Viraco;101
93;1775;1775;Rebellion or revolt;Achoma;;;;;Caylloma;PER;;Caylloma;by Indians;against corregidor, tax collections;O'Phelan, p. 286;;395;178;PER;Peru;4;Arequipa;39;;395;Achoma;102
94;1776;1776;Rebellion or revolt;Huamalies;;;;;;PER;;Huamal√≠es;against corregidor;corregidor dead, obraje burnt;O'Phelan, p. 286;;812;178;PER;Peru;9;Hu√°nuco;84;;812;Llata;103
95;1777;1777;Rebellion or revolt;Maras;;;;;Urubamba;PER;;Urubamba;against corregidor;;O'Phelan, p. 286;;783;178;PER;Peru;8;Cusco;80;;783;Maras;104
96;1777;1777;Rebellion or revolt;La Paz;;;;;;CHA;Bolivia;;against alcabalas;;O'Phelan, p. 286;;;;;;;;;;;;105
97;1777;1777;Rebellion or revolt;Velille;;;;;Chumbivilcas;PER;;Chumbivilcas;by Indians;against reparto, homicide of corregidor;O'Phelan, p. 286;;726;178;PER;Peru;8;Cusco;73;;726;Velille;106
98;1779;1779;Rebellion or revolt;Yungay;;;;;;PER;;Yungay;by Indians;attack of receptor de alcabalas;O'Phelan, p. 286;;249;178;PER;Peru;2;Ancash;27;;249;Yungay;107
99;1779;1779;Rebellion or revolt;Huaraz;;;;;;PER;;Huaraz;against revisita;;O'Phelan, p. 286;;140;178;PER;Peru;2;Ancash;16;;140;Huaraz;108
100;1780;1780;Rebellion or revolt;Arequipa;;;;;;PER;;Arequipa;against Aduana;;O'Phelan, p. 286;;331;178;PER;Peru;4;Arequipa;35;;331;Arequipa;109
101;1780;1780;Rebellion or revolt;Caylloma;;;;;;PER;;Caylloma;against revisita and alcabala;;O'Phelan, p. 286;;398;178;PER;Peru;4;Arequipa;39;;398;Caylloma;110
102;1780;1780;Rebellion or revolt;Moquegua;;;;;;PER;;Mariscal Nieto;against revista;;O'Phelan, p. 286;;1480;178;PER;Peru;19;Moquegua;149;;1480;Moquegua;111
103;1780;1780;Rebellion or revolt;Yungay;;;;;;PER;;Yungay;against alcabala and registration;;O'Phelan, p. 286;;249;178;PER;Peru;2;Ancash;27;;249;Yungay;112
103;1780;1780;Rebellion or revolt;Caraz;;;;;;PER;;Huaylas;;;O'Phelan, p. 286;;170;178;PER;Peru;2;Ancash;19;;170;Caraz;113
104;1780;1780;Rebellion or revolt;Huaraz;;;;;;PER;;Huaraz;against alcabala, revisita;;O'Phelan, p. 286;;140;178;PER;Peru;2;Ancash;16;;140;Huaraz;114
105;1780;1780;Rebellion or revolt;Pasco;;;;;;PER;;Pasco;against administrador de alcabalas;;O'Phelan, p. 286;;1499;178;PER;Peru;20;Pasco;152;;1499;Chaupimarca;115
106;1780;1780;Rebellion or revolt;La Paz;;;;;;CHA;Bolivia;;against Aduana;;O'Phelan, p. 286;;;;;;;;;;;;116
107;1780;1780;Rebellion or revolt;Chongos;;;;;Jauja;PER;;Pataz;against cajero;;O'Phelan, p. 286;;1171;178;PER;Peru;13;La Libertad;120;;1171;Tayabamba;117
107;1780;1780;Rebellion or revolt;Mito;;;;;Jauja;PER;;Concepcion;;;O'Phelan, p. 286;;1022;178;PER;Peru;12;Junin;106;;1022;Mito;118
108;1780;1780;Rebellion or revolt;Chayanta;;;;;;CHA;Bolivia;;against corregidor;;O'Phelan, p. 286;;;;;;;;;;;;119
109;1780;1780;Rebellion or revolt;Otuzco;;;;;;PER;;Otuzco;against revisita;;O'Phelan, p. 286;;1150;178;PER;Peru;13;La Libertad;118;;1150;Otuzco;120
110;1780;1780;Rebellion or revolt;Huamachuco;;;;;;PER;;S√°nchez Carri√≥n;against revisita;;O'Phelan, p. 286;;1176;178;PER;Peru;13;La Libertad;121;;1176;Huamachuco;121
111;1780;1780;Rebellion or revolt;Huamanga;;;;;;PER;;Huamanga;against corregidor;;O'Phelan, p. 286;;447;178;PER;Peru;5;Ayacucho;44;;447;Ayacucho;122
112;1780;1780;Rebellion or revolt;Tinta;;;;;;PER;;Canchis;led by Tupac Amaru;against alcabalas, repartos, tributos, mitas.;O'Phelan, p. 286;;718;178;PER;Peru;8;Cusco;72;;718;Tinta;123
113;1780;1780;Rebellion or revolt;Quipicanchis;;;;;;PER;;Quispicanchi;several villages in Quispicanchis;;O'Phelan, p. 286;;777;178;PER;Peru;8;Cusco;79;;777;Oropesa;124
114;1780;1780;Rebellion or revolt;Chumbivilcas;;;;;;PER;;Chumbivilcas;113 spread to the province ;;O'Phelan, p. 286;;725;178;PER;Peru;8;Cusco;73;;725;Santo Tomas;125
115;1780;1780;Rebellion or revolt;Condoroma;;;;;;PER;;Espinar;113 spread to mines of Condoroma;;O'Phelan, p. 286;;736;178;PER;Peru;8;Cusco;75;;736;Condoroma;126
116;1780;1780;Rebellion or revolt;Carabaya;;;;;;PER;;Carabaya;113 spread to villages in Carabaya;;O'Phelan, p. 286;;1598;178;PER;Peru;22;Puno;162;;1598;Macusani;127
117;1780;1780;Rebellion or revolt;Paucartambo;;;;;;PER;;Paucartambo;113 spread to Paucartambo;;O'Phelan, p. 286;;767;178;PER;Peru;8;Cusco;78;;767;Paucartambo;128
118;1780;1780;Rebellion or revolt;Paruro;;;;;;PER;;Paruro;113 spread to Paruro;;O'Phelan, p. 286;;759;178;PER;Peru;8;Cusco;77;;759;Paruro;129
119;1780;1780;Rebellion or revolt;Lampa;;;;;;PER;;Lampa;113 spread to Lampa;;O'Phelan, p. 286;;1625;178;PER;Peru;22;Puno;167;;1625;Lampa;130
120;1780;1780;Rebellion or revolt;Azangaro;;;;;;PER;;Az√°ngaro;113 spread;;O'Phelan, p. 286;;1579;178;PER;Peru;22;Puno;161;;1579;Azangaro;131
121;1780;1780;Rebellion or revolt;Chucuito;;;;;;PER;;Puno;113 spread;;O'Phelan, p. 286;;1650;178;PER;Peru;22;Puno;170;;1650;Chucuito;132
122;1780;1780;Rebellion or revolt;Paucarcolla;;;;;;PER;;Puno;113 spread;;O'Phelan, p. 286;;1655;178;PER;Peru;22;Puno;170;;1655;Paucarcolla;133
123;1781;1781;Rebellion or revolt;Paria;;;;;;PER;;;113 spread;homicide of corregidor;O'Phelan, p. 286;;;;;;;;;;;;134
124;1781;1781;Rebellion or revolt;Chuquisaca;;;;;;CHA;Bolivia;;unrest in Chuquisaca;;O'Phelan, p. 286;;;;;;;;;;;;135
125;1781;1781;Rebellion or revolt;Cochabamba;;;;;;CHA;Bolivia;;against Aduana;;O'Phelan, p. 286;;;;;;;;;;;;136
126;1781;1781;Rebellion or revolt;Oruro;;;;;;CHA;Bolivia;;by creoles;against Spanish authorities and alcabala;O'Phelan, p. 286;;;;;;;;;;;;137
127;1781;1781;Rebellion or revolt;Tapacari;;;;;;CHA;Bolivia;;rebellion;;O'Phelan, p. 286;;;;;;;;;;;;138
128;1781;1781;Rebellion or revolt;Larecaja;;;;;Pacajes;CHA;Bolivia;;113 spread led by Tupac Catari;;O'Phelan, p. 286;;;;;;;;;;;;139
128;1781;1781;Rebellion or revolt;Omasuyos;;;;;;CHA;Bolivia;;;;O'Phelan, p. 286;;;;;;;;;;;;140
128;1781;1781;Rebellion or revolt;Pacajes;;;;;;CHA;Bolivia;;;;O'Phelan, p. 286;;;;;;;;;;;;141
129;1781;1781;Rebellion or revolt;La Paz;;;;;;CHA;Bolivia;;La Paz was besieged;;O'Phelan, p. 286;;;;;;;;;;;;142
130;1781;1781;Rebellion or revolt;Tupiza;;;;;Chichas;CHA;Bolivia;;by Indians;homicide of corregidor;O'Phelan, p. 286;;;;;;;;;;;;143
131;1781;1781;Rebellion or revolt;Caylloma;;;;;;PER;;Caylloma;unrest;;O'Phelan, p. 286;;398;178;PER;Peru;4;Arequipa;39;;398;Caylloma;144
132;1781;1781;Rebellion or revolt;Ychuma;;;;;;PER;;;131 spread;;O'Phelan, p. 286;;;;;;;;;;;;145
133;1781;1781;Rebellion or revolt;Arica;;;;;;PER;Chile;;revolt;;O'Phelan, p. 286;;;;;;;;;;;;146
134;1781;1781;Rebellion or revolt;Cajatambo;;;;;;PER;;Cajatambo;against corregidor;;O'Phelan, p. 286;;1300;178;PER;Peru;16;Lima;131;;1300;Cajatambo;147
135;1781;1781;Rebellion or revolt;Lambayeque;;;;;;PER;;Lambayeque;against corregidor;;O'Phelan, p. 286;;1227;178;PER;Peru;14;Lambayeque;127;;1227;Lambayeque;148
136;1781;1781;Rebellion or revolt;Vischongos;;;;;;PER;;Vilcas Huam√°n;support of Tupac Amaru;;O'Phelan, p. 286;;548;178;PER;Peru;5;Ayacucho;53;;548;Vischongo;149
137;1781;1781;Rebellion or revolt;Checras;;;;;Chancay;PER;;Huaura;against revisita;;O'Phelan, p. 286;;1358;178;PER;Peru;16;Lima;135;;1358;Checras;150
138;1782;1782;Rebellion or revolt;Huamanga;;;;;;PER;;Huamanga;against rezagos de repartimientos;;O'Phelan, p. 286;;447;178;PER;Peru;5;Ayacucho;44;;447;Ayacucho;151
139;1783;1783;Rebellion or revolt;Marcapata;;;;;Quispicanchis;PER;;Quispicanchi;against civil and ecclesiastical authority;;O'Phelan, p. 286;;775;178;PER;Peru;8;Cusco;79;;775;Marcapata;152
140;1783;1783;Rebellion or revolt;Huarochiri;;;;;;PER;;Huarochiri;started in Ascension and spread the whole province. ;38 people involved, Indians, caciques and mestizos.;O'Phelan, p. 286;;1331;178;PER;Peru;16;Lima;134;;1331;Huarochiri;153
141;1755;1755;Protesta dentro del sistema legal;Oruro;;;;;Oruro;CHA;Bolivia;;exceso en el reparto;;Golte, p. 130;;;;;;;;;;;;154
142;1756;1756;Protesta dentro del sistema legal;Sicasica;;;;;Sicasica;CHA;Bolivia;;exceso en el reparto;;Golte, p. 130;;;;;;;;;;;;155
143;1757;1757;Protesta dentro del sistema legal;Coroma?;;;;;Porco;CHA;Bolivia;;;;Golte, p. 130;;;;;;;;;;;;156
144;1757;1757;Protesta dentro del sistema legal;Chope;;;;;Sicasica;CHA;Bolivia;;;;Golte, p. 130;;;;;;;;;;;;157
145;1758;1758;Protesta dentro del sistema legal;Yanacachi;;;;;Sicasica;CHA;Bolivia;;exceso en el reparto;;Golte, p. 130;;;;;;;;;;;;158
146;1759;1759;Protesta dentro del sistema legal;Chuma;;;;;Larecaja;CHA;Bolivia;;embargo de bienes;;Golte, p. 130;;;;;;;;;;;;159
147;1759;1759;Protesta dentro del sistema legal;Laxa;;;;;Omasuyo;CHA;Bolivia;;exceso en el reparto;;Golte, p. 130;;;;;;;;;;;;160
148;1759;1759;Protesta dentro del sistema legal;Azangaro;;;;;Azangaro;PER;;Az√°ngaro;reparto de mercancias inservibles;;Golte, p. 130;;1579;178;PER;Peru;22;Puno;161;;1579;Azangaro;161
149;1759;1759;Protesta dentro del sistema legal;Cabari;;;;;Sicasica;CHA;Bolivia;;incauto mercancias para repartir;;Golte, p. 130;;;;;;;;;;;;162
150;1759;1759;Protesta dentro del sistema legal;Laxa;;;;;Omasuyo;CHA;Bolivia;;precios excesivos;;Golte, p. 130;;;;;;;;;;;;163
151;1760;1760;Protesta dentro del sistema legal;Calacoto;;;;;Pacajes;CHA;Bolivia;;precios excesivos;;Golte, p. 131;;;;;;;;;;;;164
152;1760;1760;Protesta dentro del sistema legal;Toledo;;;;;Paria;CHA;Bolivia;;reparto de 100 mulas;;Golte, p. 131;;;;;;;;;;;;165
153;1761;1761;Protesta dentro del sistema legal;Tarabucu;;;;;Tomina;CHA;Bolivia;;Tejidos a 8 reales vara;;Golte, p. 131;;;;;;;;;;;;166
154;1761;1761;Protesta dentro del sistema legal;Tacobamba;;;;;Porco;CHA;Bolivia;;embargo de bienes;;Golte, p. 131;;;;;;;;;;;;167
155;1761;1761;Protesta dentro del sistema legal;Pocota;;;;;Chayanta;CHA;Bolivia;;precios excesivos;;Golte, p. 131;;;;;;;;;;;;168
156;1762;1762;Protesta dentro del sistema legal;Tapacari;;;;;Cochabamba;CHA;Bolivia;;reparto de mercancias a la fuerza;;Golte, p. 131;;;;;;;;;;;;169
157;1762;1762;Protesta dentro del sistema legal;Viacha;;;;;Pacajes;CHA;Bolivia;;precios excesivos;;Golte, p. 131;;;;;;;;;;;;170
158;1762;1762;Protesta dentro del sistema legal;Mohosa;;;;;Sicasica;CHA;Bolivia;;exceso en el reparto;;Golte, p. 131;;;;;;;;;;;;171
159;1762;1762;Protesta dentro del sistema legal;;;;;;Azangaro;PER;;;embargo de bienes;;Golte, p. 131;;;;;;;;;;;;172
160;1765;1765;Rebelion local;Paucarcolla;;;;;;PER;;Puno;contra corregidores;;Golte, p. 141;;1655;178;PER;Peru;22;Puno;170;;1655;Paucarcolla;173
161;1765;1765;Rebelion local;Paucarcolla;;;;;;PER;;Puno;contra corregidores;;Golte, p. 141;;1655;178;PER;Peru;22;Puno;170;;1655;Paucarcolla;174
162;1769;1769;Rebelion local;Pomacanchis;;;;;Quispicanchis;PER;;Acomayo;por reparto;homicidio de teniente/corregidor;Golte, p. 141;;682;178;PER;Peru;8;Cusco;68;;682;Pomacanchi;175
163;1769;1769;Rebelion local;Cabanaconde;;;;;Caylloma;PER;;Caylloma;contra corregidor ;murieron 300 indios;Golte, p. 141;;396;178;PER;Peru;4;Arequipa;39;;396;Cabanaconde;176
164;1769;1769;Rebelion local;Caylloma;;;;;;PER;;Caylloma;contra corregidor ;;Golte, p. 141;;398;178;PER;Peru;4;Arequipa;39;;398;Caylloma;177
165;1767;1767;Rebelion local;Huanchaco;;;;;;PER;;Trujillo;sin datos;;Golte, p. 141;;1191;178;PER;Peru;13;La Libertad;123;;1191;Huanchaco;178
166;1768;1768;Rebelion local;Pinchuichuru;;;;;;PER;;Anta;sin datos;;Golte, p. 141;;693;178;PER;Peru;8;Cusco;69;;693;Zurite;179
166;1768;1768;Rebelion local;Surite;;;;;;PER;;Anta;;;;;693;178;PER;Peru;8;Cusco;69;;693;Zurite;180
166;1768;1768;Rebelion local;Abancay;;;;;;PER;;Abancay;;;;;250;178;PER;Peru;3;Apur√≠mac;28;;250;Abancay;181
167;1768;1768;Rebelion local;Chala;;;;;Chumbivilcas;PER;;;contra corregidor ;campesinos se niegan a recibir las mercancias;Golte, p. 141;;;;;;;;;;;;182
168;1769;1769;Rebelion local;Callalli;;;;;Caylloma;PER;;Caylloma;explusion del corregidor;homicidio del teniente;Golte, p. 142;;397;178;PER;Peru;4;Arequipa;39;;397;Callalli;183
169;1769;1769;Rebelion local;Sicasica;Sicasica;Sicasica;;;Sicasica;CHA;Bolivia;;homicidio del cobrador;;Golte, p. 142;;;;;;;;;;;;184
170;1769;1769;Rebelion local;Achacacha;;;;;;CHA;Bolivia;;levantamiento del corregidor;;Golte, p. 142;;;;;;;;;;;;185
170;1769;1769;Rebelion local;Laxa;;;;;;CHA;Bolivia;;;;;;;;;;;;;;;;186
170;1769;1769;Rebelion local;Omasuyu;;;;;;CHA;Bolivia;;;;;;;;;;;;;;;;187
171;1769;1769;Rebelion local;Chulumani;;;;;Sicasica;CHA;Bolivia;;por reparto;confrontacion armada entre 600 hombres ;Golte, p. 142;;;;;;;;;;;;188
172;1769;1769;Rebelion local;La Asunción;;;;;Cajamarca;PER;;Cajamarca;sin datos;;Golte, p. 142;;553;178;PER;Peru;6;Cajamarca;55;;553;Asuncion;189
173;1769;1769;Rebelion local;Caylloma;;;;;;PER;;Caylloma;sin datos;;Golte, p. 142;;398;178;PER;Peru;4;Arequipa;39;;398;Caylloma;190
174;1769;1769;Rebelion local;Sicuani;;;;;Canas y Canchis;PER;;Canchis;sin datos;;Golte, p. 142;;717;178;PER;Peru;8;Cusco;72;;717;Sicuani;191
175;1770;1770;Rebelion local;Caylloma;;;;;;PER;;Caylloma;sin datos;;Golte, p. 142;;398;178;PER;Peru;4;Arequipa;39;;398;Caylloma;192
176;1770;1770;Rebelion local;Totora;;;;;Carangas;CHA;Bolivia;;contra corregidor ;vioelntos y excesivos repartimientos y cobranzas;Golte, p. 142;;;;;;;;;;;;193
176;1770;1770;;Curaguara;;;;;Carangas;CHA;Bolivia;;;;;;;;;;;;;;;;194
177;1770;1770;Rebelion local;Morrope;;;;;;PER;;Lambayeque;sin datos;;Golte, p. 142;;1229;178;PER;Peru;14;Lambayeque;127;;1229;Morrope;195
177;1770;1770;;Pacora;;;;;;PER;;Lambayeque;;;;;1232;178;PER;Peru;14;Lambayeque;127;;1232;Pacora;196
177;1770;1770;;Jayanca;;;;;;PER;;Lambayeque;;;;;1226;178;PER;Peru;14;Lambayeque;127;;1226;Jayanca;197
177;1770;1770;;Sana;;;;;;PER;;Chiclayo;;;;;1216;178;PER;Peru;14;Lambayeque;125;;1216;Sa√±a;198
178;1771;1771;Rebelion local;Jesus de Machaca;Pacajes;Pacajes;;;Pacajes;CHA;Bolivia;;homicidio del corregidor;castigo a mujer por no pago del reparto;Golte, p. 142;;;;;;;;;;;;199
179;1771;1771;Rebelion local;Quechualla;;;;;;CHA;Bolivia;;atentado de homicidio del corregidor;reparto;Golte, p. 142;;;;;;;;;;;;200
179;1771;1771;;Velinga;;;;;;CHA;Bolivia;;;;;;;;;;;;;;;;201
180;1771;1771;Rebelion local;Andahuaylas;;;;;;PER;;Andahuaylas;contra corregidor ;;Golte, p. 142;;259;178;PER;Peru;3;Apur√≠mac;29;;259;Andahuaylas;202
181;1772;1772;Rebelion local;Sondondo;;;;;Lucanas;PER;;Lucanas;sin datos;;Golte, p. 142;;479;178;PER;Peru;5;Ayacucho;48;;479;Cabana;203
182;1772;1772;Rebelion local;Caylloma;;;;;;PER;;Caylloma;contra el reparto;;Golte, p. 142;;398;178;PER;Peru;4;Arequipa;39;;398;Caylloma;204
183;1772;1772;Rebelion local;Quechualla;;;;;Condesuyos;PER;;La Uni√≥n;contra corregidor ;;Golte, p. 143;;434;178;PER;Peru;4;Arequipa;42;;434;Quechualla;205
184;1773;1773;Rebelion local;Celendin;;;;;Cajamarca;PER;;Celend√≠n;sin datos;;Golte, p. 143;;565;178;PER;Peru;6;Cajamarca;56;;565;Celendin;206
185;1773;1773;Rebelion local;Callalli;;;;;Caylloma;PER;;Caylloma;contra corregidor ;reparto de mulas;Golte, p. 143;;397;178;PER;Peru;4;Arequipa;39;;397;Callalli;207
186;1773;1773;Rebelion local;Chuco;;;;;Huamachuco;PER;;Santiago de Chuco;contra corregidor ;contra reparto;Golte, p. 143;;1187;178;PER;Peru;13;La Libertad;122;;1187;Santiago de Chuco;208
187;1774;1774;Rebelion local;Pampas Huanchay;;;;;Huaylas;PER;;Huaraz;contra corregidor ;cobro repartimiento;Golte, p. 143;;139;178;PER;Peru;2;Ancash;16;;139;Huanchay;209
188;1774;1774;Rebelion local;Pocsi;;;;;Moquegua;PER;;Arequipa;sin datos;;Golte, p. 143;;344;178;PER;Peru;4;Arequipa;35;;344;Pocsi;210
189;1774;1774;Rebelion local;Huaylas;;;;;Huaylas;PER;;Huaylas;homicidio del corregidor;;Golte, p. 143;;173;178;PER;Peru;2;Ancash;19;;173;Huaylas;211
190;1774;1774;Rebelion local;Huamalies;;;;;;PER;;Huamal√≠es;homicidio del corregidor;;Golte, p. 143;;812;178;PER;Peru;9;Hu√°nuco;84;;812;Llata;212
191;1774;1774;Rebelion local;Sicasica;;;;;;CHA;Bolivia;;sin datos;;Golte, p. 143;;;;;;;;;;;;213
192;1774;1774;Rebelion local;Chuco;;;;;Huamachuco;PER;;Santiago de Chuco;contra corregidor ;;Golte, p. 143;;1187;178;PER;Peru;13;La Libertad;122;;1187;Santiago de Chuco;214
193;1779;1779;Rebelion local;Camana;;;;;;PER;;Caman√°;amenaza al corregidor con 300 hombres;cobro repartimiento;Golte, p. 143;1770s;360;178;PER;Peru;4;Arequipa;36;;360;Camana;215
194;1779;1779;Rebelion local;Lucanas;;;;;;PER;;Lucanas;3 alzamientos contra el corregidor ;;Golte, p. 143;1770s;487;178;PER;Peru;5;Ayacucho;48;;487;Lucanas;216
195;1779;1779;Rebelion local;Puno;;;;;Paucarcolla;PER;;Puno;2 alzamientos contra los corregidores;;Golte, p. 143;1770s;1658;178;PER;Peru;22;Puno;170;;1658;Puno;217
195;1779;1779;Rebelion local;Paucarcolla;;;;;;PER;;Puno;;;Golte, p. 143;1770s;1655;178;PER;Peru;22;Puno;170;;1655;Paucarcolla;218
196;1779;1779;Rebelion local;Azangaro;;;;;Azangaro;PER;;Az√°ngaro;atentado de homicidio del corregidor;;Golte, p. 144;1770s;1579;178;PER;Peru;22;Puno;161;;1579;Azangaro;219
197;1779;1779;Rebelion local;Paria;;;;;;PER;;;homicidio del gobernador de Lanquipacha;;Golte, p. 144;1770s;;;;;;;;;;;220
198;1779;1779;Rebelion local;Conchucos;;;;;;PER;;Pallasca;contra corregidor ;;Golte, p. 144;1770s;200;178;PER;Peru;2;Ancash;22;;200;Conchucos;221
199;1779;1779;Rebelion local;Urubamba;;;;;;PER;;Urubamba;contra general Rosas y teniente;;Golte, p. 144;1770s;785;178;PER;Peru;8;Cusco;80;;785;Urubamba;222
200;1779;1779;Rebelion local;Aymaraes;;;;;;PER;;Aymaraes;por reparto;;Golte, p. 144;1770s;287;178;PER;Peru;3;Apur√≠mac;31;;287;Chalhuanca;223
201;1779;1779;Rebelion local;Chaca;;;;;;PER;;Asunci√≥n;homicidio de corregidor y cobrador;;Golte, p. 144;1770s;96;178;PER;Peru;2;Ancash;10;;96;Chacas;224
201;1779;1779;Rebelion local;Tinta;;;;;;PER;;Canchis;;;Golte, p. 144;1770s;718;178;PER;Peru;8;Cusco;72;;718;Tinta;225
202;1779;1779;Rebelion local;Cotabambas;;;;;;PER;;Cotabambas;contra corregidor ;2 pueblos por reparto;Golte, p. 144;1770s;311;178;PER;Peru;3;Apur√≠mac;33;;311;Cotabambas;226
203;1779;1779;Rebelion local;Parinacochas;;;;;;PER;;Parinacochas;contral general;3 veces;Golte, p. 144;1770s;500;178;PER;Peru;5;Ayacucho;49;;500;Coracora;227
204;1779;1779;Rebelion local;Huanta;;;;;;PER;;Huanta;contra corregidor ;por reparto;Golte, p. 144;1770s;465;178;PER;Peru;5;Ayacucho;46;;465;Huanta;228
205;1779;1779;Rebelion local;Tambo;;;;;Arequipa;PER;;Caylloma;intento de rebelion;contra reparto;Golte, p. 144;1770s;411;178;PER;Peru;4;Arequipa;39;;411;Tisco;229
206;1779;1779;Rebelion local;Caraveli;;;;;Camana;PER;;Caravel√≠;contra corregidor ;;Golte, p. 144;1770s;373;178;PER;Peru;4;Arequipa;37;;373;Caraveli;230
207;1779;1779;Rebelion local;Usmagama;;;;;Tarapaca;PER;Chile;;contra cobrador;extorsiones ;Golte, p. 144;1770s;;;;;;;;;;;231
208;1779;1779;Rebelion local;Majes;;;;;Camana;PER;;Castilla;contra teniente;;Golte, p. 144;1770s;394;178;PER;Peru;4;Arequipa;38;;394;Viraco;232
209;1775;1775;Rebelion local;San Juan;;;;;Quispicanchis;PER;;;sin datos;;Golte, p. 145;;;;;;;;;;;;233
210;1775;1775;Rebelion local;Quiquijana;;;;;Quispicanchis;PER;;Quispicanchi;homicidio del teniente;contra reparto;Golte, p. 145;;778;178;PER;Peru;8;Cusco;79;;778;Quiquijana;234
211;1775;1775;Rebelion local;Chumbivilcas;;;;;;PER;;Chumbivilcas;homicidio del corregidor;mujeres!;Golte, p. 145;;725;178;PER;Peru;8;Cusco;73;;725;Santo Tomas;235
212;1775;1775;Rebelion local;Achoma;;;;;Caylloma;PER;;Caylloma;contra corregidor ;corregidor queria encarcerar a los deudores;Golte, p. 145;;395;178;PER;Peru;4;Arequipa;39;;395;Achoma;236
213;1775;1775;Rebelion local;Chuquibamba;;;;;Condesuyos;PER;;Condesuyos;contra corregidor ;;Golte, p. 145;;417;178;PER;Peru;4;Arequipa;40;;417;Chuquibamba;237
214;1776;1776;Rebelion local;San Gaban;;;;;Carabaya;PER;;Carabaya;contra teniente;deudas;Golte, p. 145;;1600;178;PER;Peru;22;Puno;162;;1600;San Gaban;238
215;1776;1776;Rebelion local;Urubamba;;;;;;PER;;Urubamba;contra corregidor;;Golte, p. 145;;785;178;PER;Peru;8;Cusco;80;;785;Urubamba;239
216;1776;1776;Rebelion local;Pampacolca;;;;;Condesuyos;PER;;Castilla;incendio casa del cura;contra reparto;Golte, p. 145;;390;178;PER;Peru;4;Arequipa;38;;390;Pampacolca;240
217;1776;1776;Rebelion local;Pampacolca;;;;;Condesuyos;PER;;Castilla;contra corregidor;;Golte, p. 145;;390;178;PER;Peru;4;Arequipa;38;;390;Pampacolca;241
218;1776;1776;Rebelion local;Pampacolca;;;;;Condesuyos;PER;;Castilla;atentado de homicidio al teniente;;Golte, p. 145;;390;178;PER;Peru;4;Arequipa;38;;390;Pampacolca;242
219;1776;1776;Rebelion local;Velille;;;;;Chumbivilcas;PER;;Chumbivilcas;homicidio del corregidor y cobrador;;Golte, p. 146;;726;178;PER;Peru;8;Cusco;73;;726;Velille;243
220;1776;1776;Rebelion local;Guancarama;;;;;Condesuyos;PER;;Andahuaylas;ataque al corregidor;contra reparto;Golte, p. 146;;262;178;PER;Peru;3;Apur√≠mac;29;;262;Huancarama;244
221;1777;1777;Rebelion local;Casapalca;;;;;;PER;;Huancavelica;sin datos;;Golte, p. 146;;919;178;PER;Peru;10;Huancavelica;96;;919;Yauli;245
222;1777;1777;Rebelion local;Chumbivilcas;;;;;;PER;;Chumbivilcas;homicidio del corregidor;;Golte, p. 146;;725;178;PER;Peru;8;Cusco;73;;725;Santo Tomas;246
223;1777;1777;Rebelion local;Huamalies;;;;;;PER;;Huamal√≠es;sin datos;;Golte, p. 146;;812;178;PER;Peru;9;Hu√°nuco;84;;812;Llata;247
224;1777;1777;Rebelion local;Ubinas;;;;;Moquegua;PER;;General S√°nchez Cerro;contra corregidor;;Golte, p. 146;;1473;178;PER;Peru;19;Moquegua;147;;1473;Ubinas;248
225;1777;1777;Rebelion local;Huamanga;;;;;;PER;;Huamanga;atentado de homicidio del corregidor;contra reparto;Golte, p. 146;;447;178;PER;Peru;5;Ayacucho;44;;447;Ayacucho;249
226;1777;1777;Rebelion local;Chayanta;;;;;;CHA;Bolivia;;contra corregidor;;Golte, p. 146;;;;;;;;;;;;250
227;1777;1777;Rebelion local;Caylloma;;;;;;PER;;Caylloma;contra corregidor ;corregidor hirio al cacique por el reparto;Golte, p. 146;;398;178;PER;Peru;4;Arequipa;39;;398;Caylloma;251
228;1777;1777;Rebelion local;Urubamba;;;;;;PER;;Urubamba;contra corregidor;;Golte, p. 146;;785;178;PER;Peru;8;Cusco;80;;785;Urubamba;252
229;1778;1778;Rebelion local;Llacta Ouivilla;;;;;Huamalies;PER;;;sin datos;;Golte, p. 146;;;;;;;;;;;;253
230;1778;1778;Rebelion local;Piscobamba;;;;;;PER;;Mariscal Luzuriaga;sin datos;;Golte, p. 146;;187;178;PER;Peru;2;Ancash;20;;187;Piscobamba;254
230;1778;1778;Rebelion local;Chaca;;;;;;PER;;Asunci√≥n;;;Golte, p. 146;;96;178;PER;Peru;2;Ancash;10;;96;Chacas;255
230;1778;1778;Rebelion local;Conchucos;;;;;;PER;;Pallasca;;;Golte, p. 146;;200;178;PER;Peru;2;Ancash;22;;200;Conchucos;256
231;1778;1778;Rebelion local;Huamanga;;;;;;PER;;Huamanga;sin datos;;Golte, p. 146;;447;178;PER;Peru;5;Ayacucho;44;;447;Ayacucho;257
232;1778;1778;Rebelion local;Cotabambas;;;;;;PER;;Cotabambas;homicidio del corregidor y teniente;;Golte, p. 146;;311;178;PER;Peru;3;Apur√≠mac;33;;311;Cotabambas;258
233;1779;1779;Rebelion local;Viraco;;;;;Condesuyos;PER;;Castilla;sin datos;;Golte, p. 146;;394;178;PER;Peru;4;Arequipa;38;;394;Viraco;259
234;1779;1779;Rebelion local;Huaraz;;;;;;PER;;Huaraz;contra corregidor;2000 hombres armados;Golte, p. 146;;140;178;PER;Peru;2;Ancash;16;;140;Huaraz;260
234;1779;1779;Rebelion local;Caraz;;;;;;PER;;Huaylas;;;;;170;178;PER;Peru;2;Ancash;19;;170;Caraz;261
234;1779;1779;Rebelion local;Huaylas;;;;;;PER;;Huaylas;;;;;173;178;PER;Peru;2;Ancash;19;;173;Huaylas;262
