TYPE;NAME;Partido;Column3;Jurisdiccion
Ciudad;Tlaxcala;Tlaxcala;;Tlaxcala
Pueblo;San Diego;Tlaxcala;;Tlaxcala
Pueblo;San Lucas;Tlaxcala;;Tlaxcala
Pueblo;Acuitlapilco;Tlaxcala;;Tlaxcala
Pueblo;San Sebastián;Tlaxcala;;Tlaxcala
Pueblo;Yxtulco;Tlaxcala;;Tlaxcala
Pueblo;Panotla;Tlaxcala;;Tlaxcala
Pueblo;San Esteban;Tlaxcala;;Tlaxcala
Pueblo;La Candelaria;Tlaxcala;;Tlaxcala
Pueblo;Santiago;Tlaxcala;;Tlaxcala
Pueblo;Acxotla;Tlaxcala;;Tlaxcala
Pueblo;Ocozelulco;Tlaxcala;;Tlaxcala
Pueblo;San Miguel;Tlaxcala;;Tlaxcala
Pueblo;San Juan Totola;Tlaxcala;;Tlaxcala
Pueblo;San Ambrocio;Tlaxcala;;Tlaxcala
Pueblo;Los Reyes;Tlaxcala;;Tlaxcala
Pueblo;Las Nieves;Tlaxcala;;Tlaxcala
Pueblo;La Trenidad;Tlaxcala;;Tlaxcala
Pueblo;San Jorxe;Tlaxcala;;Tlaxcala
Pueblo;San Matheo;Tlaxcala;;Tlaxcala
Pueblo;San Tadeo;Tlaxcala;;Tlaxcala
Pueblo;San Francisco Temetzontla;Tlaxcala;;Tlaxcala
Pueblo;Santa Ana Chiautempan;Santa Ana Chiautempan;;Tlaxcala
Pueblo;Santa María Magdalena;Santa Ana Chiautempan;;Tlaxcala
Pueblo;San Francisco Tetlanoca;Santa Ana Chiautempan;;Tlaxcala
Pueblo;San Pedro Tlalcoapan;Santa Ana Chiautempan;;Tlaxcala
Pueblo;San Bartolomé;Santa Ana Chiautempan;;Tlaxcala
Pueblo;San Pablo Apetlatitlan;Santa Ana Chiautempan;;Tlaxcala
Pueblo;San Bernardino;Santa Ana Chiautempan;;Tlaxcala
Pueblo;Santa Cruz;Santa Ana Chiautempan;;Tlaxcala
Pueblo;San Bernabé;Santa Ana Chiautempan;;Tlaxcala
Pueblo;San Miguel;Santa Ana Chiautempan;;Tlaxcala
Pueblo;San Lucas;Santa Ana Chiautempan;;Tlaxcala
Pueblo;Belén;Santa Ana Chiautempan;;Tlaxcala
Pueblo;San Matías;Santa Ana Chiautempan;;Tlaxcala
Pueblo;San Damián;Santa Ana Chiautempan;;Tlaxcala
Pueblo;San Dionisio;Santa Ana Chiautempan;;Tlaxcala
Pueblo;Atlihuetzian;Santa Ana Chiautempan;;Tlaxcala
Pueblo;San Francisco Tlacuiloca;Santa Ana Chiautempan;;Tlaxcala
Pueblo;San Lorenzo;Santa Ana Chiautempan;;Tlaxcala
Pueblo;San Martín Xaltocan;Santa Ana Chiautempan;;Tlaxcala
Pueblo;San Simón;Santa Ana Chiautempan;;Tlaxcala
Pueblo;Santa Bárbara;Santa Ana Chiautempan;;Tlaxcala
Pueblo;San Lucas;Santa Ana Chiautempan;;Tlaxcala
Pueblo;La Asunción;Santa Ana Chiautempan;;Tlaxcala
Pueblo;San Antonio Cuaxomulco;Santa Ana Chiautempan;;Tlaxcala
Pueblo;San Luis Huamantla;San Luis Huamantla;;Tlaxcala
Pueblo;San Lorenzo Quapistla;San Luis Huamantla;;Tlaxcala
Pueblo;San Pablo Zitlaltepeque;San Luis Huamantla;;Tlaxcala
Pueblo;San Juan Ystenco;San Luis Huamantla;;Tlaxcala
Pueblo;San Nicolás Terrenate;San Luis Huamantla;;Tlaxcala
Pueblo;San Luis Apizaco;Apizaco;;Tlaxcala
Pueblo;Santiago Tetla;Apizaco;;Tlaxcala
Pueblo;Santa María Tescalaque;Apizaco;;Tlaxcala
Pueblo;San Francisco Atexcatzinco;Apizaco;;Tlaxcala
Pueblo;San Bartolomé (Matlalocan?);Apizaco;;Tlaxcala
Pueblo;San Salvador;Apizaco;;Tlaxcala
Pueblo;San Juan Quetzalcoapan;Apizaco;;Tlaxcala
Pueblo;San Cosme;Apizaco;;Tlaxcala
Pueblo;San Andrés;Apizaco;;Tlaxcala
Pueblo;Santa Úrsula;Apizaco;;Tlaxcala
Pueblo;Santa Ana Guiloaque;Apizaco;Huiloac;Tlaxcala
Pueblo;San Benito;Apizaco;;Tlaxcala
Pueblo;Santa María Tocatlan;Apizaco;;Tlaxcala
Pueblo;San Agustin Tlaxco;Tlaxco;;Tlaxcala
Pueblo;Atlancatepeque;Tlaxco;;Tlaxcala
Pueblo;San Felipe Ixtacuistla;San Felipe;;Tlaxcala
Pueblo;La Trinidad;San Felipe;;Tlaxcala
Pueblo;Hueyotlipam;San Felipe;;Tlaxcala
Pueblo;San Simon;San Felipe;;Tlaxcala
Pueblo;Nra Sra de España;San Felipe;;Tlaxcala
Pueblo;Ixcotla;San Felipe;;Tlaxcala
Pueblo;La Magdalena;San Felipe;;Tlaxcala
Pueblo;San Meteo;San Felipe;;Tlaxcala
Pueblo;San Diego;San Felipe;;Tlaxcala
Pueblo;Santa Justina;San Felipe;;Tlaxcala
Pueblo;Santa Ines;San Felipe;;Tlaxcala
Pueblo;..paluca;San Felipe;;Tlaxcala
Pueblo;Mitepeque;San Felipe;;Tlaxcala
Pueblo;Santa María Nativitas;Nativitas;;Tlaxcala
Pueblo;Santo Tomás;Nativitas;;Tlaxcala
Pueblo;Santiago;Nativitas;;Tlaxcala
Pueblo;San Miguel;Nativitas;;Tlaxcala
Pueblo;San Rafael;Nativitas;;Tlaxcala
Pueblo;San Vicente;Nativitas;;Tlaxcala
Pueblo;Santa Elena;Nativitas;;Tlaxcala
Pueblo;San Andrés;Nativitas;;Tlaxcala
Pueblo;San Damián;Nativitas;;Tlaxcala
Pueblo;San Bartolomé;Nativitas;;Tlaxcala
Pueblo;Santa Inés;Nativitas;;Tlaxcala
Pueblo;San Jerónimo;Nativitas;;Tlaxcala
Pueblo;Santa Catarina;Nativitas;;Tlaxcala
Pueblo;Santa Toribia;Nativitas;;Tlaxcala
Pueblo;San Marcos;Nativitas;;Tlaxcala
Pueblo;San Francisco Topoyango;Nativitas;;Tlaxcala
Pueblo;San Juan;Nativitas;;Tlaxcala
Pueblo;Santiago;Nativitas;;Tlaxcala
Pueblo;Santa Isabel;Nativitas;;Tlaxcala
Pueblo;Tenancingo;Nativitas;;Tlaxcala
Pueblo;San Cosme;Nativitas;;Tlaxcala
Pueblo;San Francisco Papalotla;Nativitas;;Tlaxcala
Pueblo;San Pablo del Monte;Nativitas;;Tlaxcala
Pueblo;San Miguel Canoa;Nativitas;;Tlaxcala
Pueblo;Santa Isabel;Nativitas;;Tlaxcala
Pueblo;San Luis Teolocholco;Nativitas;;Tlaxcala
Pueblo;San Antonio;Nativitas;;Tlaxcala
Pueblo;Santa María Astama;Nativitas;;Tlaxcala
Pueblo;Nuestra Señora de la Defensa;Nativitas;;Tlaxcala
Hacienda;Santa Marta;Tlaxcala;;Tlaxcala
Hacienda;Xaltip.C;Tlaxcala;;Tlaxcala
Hacienda;Tepalcatepeque;Tlaxcala;;Tlaxcala
Hacienda;Nuestra Señora del Carmen;Tlaxcala;;Tlaxcala
Hacienda;San Bartolomé Jonecuila;Tlaxcala;;Tlaxcala
Hacienda;San Juan Bautista de Zavaleta;Tlaxcala;;Tlaxcala
Hacienda;Soltepeque;Tlaxcala;;Tlaxcala
Hacienda;Santiago Escalzingo;Tlaxcala;Ocotzingo;Tlaxcala
Hacienda;San Francisco Cuezcomatepeque;Tlaxcala;;Tlaxcala
Hacienda;Santiago Alzayanga;Tlaxcala;;Tlaxcala
Hacienda;San Diego Texinola;Tlaxcala;;Tlaxcala
Hacienda;La Asunción;Tlaxcala;;Tlaxcala
Hacienda;San Juan Bautista Cuapiastla;Tlaxcala;;Tlaxcala
Hacienda;San José Temalacayuca;Tlaxcala;;Tlaxcala
Hacienda;La Compasión Tlascantla;Tlaxcala;;Tlaxcala
Hacienda;San Diego La Paloma y Indiana;Tlaxcala;;Tlaxcala
Hacienda;San Juan Tepeyahualco;Tlaxcala;;Tlaxcala
Hacienda;San Martín;Tlaxcala;;Tlaxcala
Hacienda;San Pablo;Tlaxcala;;Tlaxcala
Hacienda;La Candelaria;Tlaxcala;;Tlaxcala
Hacienda;San Cristóbal Jalapasco;Tlaxcala;;Tlaxcala
Hacienda;San Antonio Cuatla;Tlaxcala;;Tlaxcala
Hacienda;La Purísima Concepción;Tlaxcala;;Tlaxcala
Hacienda;Santa María de la Noria;Tlaxcala;;Tlaxcala
Hacienda;Santo Domingo Texmola;Tlaxcala;;Tlaxcala
Hacienda;Guadalupe;Tlaxcala;;Tlaxcala
Hacienda;San Cristóbal de la Rosa;Tlaxcala;;Tlaxcala
Hacienda;San Diego Azumatla;Tlaxcala;;Tlaxcala
Hacienda;Señora Santa Ana;Tlaxcala;;Tlaxcala
Hacienda;El Balconcillo;Tlaxcala;;Tlaxcala
Hacienda;San Bartolomé Xonecuila;Tlaxcala;;Tlaxcala
Hacienda;Santa Bárbara;Tlaxcala;;Tlaxcala
Hacienda;San Antonio;Tlaxcala;;Tlaxcala
Hacienda y venta;San Diego;Tlaxcala;;Tlaxcala
Hacienda;San Miguel Quimichuca;Tlaxcala;;Tlaxcala
Hacienda;San Juan Bautista;Tlaxcala;;Tlaxcala
Hacienda;San Francisco de Asís;Tlaxcala;;Tlaxcala
Hacienda;San Miguel Tomecuila y Santa María Soapila;Tlaxcala;;Tlaxcala
Hacienda;La Natividad Tazacuala;Tlaxcala;;Tlaxcala
Hacienda;San Miguel Tazaguala y San Pedro Cuatoque;Tlaxcala;;Tlaxcala
Hacienda;San Buenaventura;Tlaxcala;;Tlaxcala
Hacienda;San Diego Zitlaltepeque;Tlaxcala;;Tlaxcala
Hacienda;San Diego del Pilancon;Tlaxcala;;Tlaxcala
Hacienda;San Miguel y su Rancho;Tlaxcala;;Tlaxcala
Hacienda;San Francisco Jalapasco;Tlaxcala;;Tlaxcala
Hacienda;Santiago Tochaque;Apizaco;;Tlaxcala
Hacienda;San Juan Acocotla;Apizaco;;Tlaxcala
Hacienda;Piedras Negras;Apizaco;;Tlaxcala
Hacienda;Teometitlan;Apizaco;;Tlaxcala
Hacienda;Tlacaxolotepeque;Apizaco;;Tlaxcala
Hacienda;San Miguel  Tlacotepeque;Apizaco;;Tlaxcala
Hacienda;Topizaque;Apizaco;;Tlaxcala
Hacienda;Quimichuca;Apizaco;;Tlaxcala
Hacienda;San José de la Halaguna;Apizaco;;Tlaxcala
Hacienda;San José Buenavista;Apizaco;;Tlaxcala
Hacienda;San Juan Bautista;Tlaxco;;Tlaxcala
Hacienda;San Miguel Payuca;Tlaxco;;Tlaxcala
Hacienda;San Juan Cuapesco [?];Tlaxco;;Tlaxcala
Hacienda;San Diego Siochuca;Tlaxco;;Tlaxcala
Hacienda;Nuestra Señora del Rosario;Tlaxco;;Tlaxcala
Hacienda;Massaquiahuac;Tlaxco;;Tlaxcala
Hacienda;Los Jardines;Tlaxco;;Tlaxcala
Hacienda;Zoltepeque;Tlaxco;;Tlaxcala
Hacienda;San Andrés Buena Vista;Tlaxco;;Tlaxcala
Hacienda;Tliquitepeque;Tlaxco;;Tlaxcala
Hacienda;San José;Tlaxco;;Tlaxcala
Hacienda;Icatepeque;Tlaxco;;Tlaxcala
Hacienda;Jalostoque;Tlaxco;;Tlaxcala
Hacienda;Metla;Tlaxco;;Tlaxcala
Hacienda;Tecomaluca;Tlaxco;;Tlaxcala
Hacienda;Toluquilla;Tlaxco;;Tlaxcala
Hacienda;San Diego;San Felipe;;Tlaxcala
Hacienda;Techalote;San Felipe;;Tlaxcala
Hacienda;San Blas;San Felipe;;Tlaxcala
Hacienda;Huatepeque;San Felipe;;Tlaxcala
Hacienda;Metepeque;San Felipe;;Tlaxcala
Hacienda;Meca;San Felipe;;Tlaxcala
Hacienda;Tepalcatepeque;San Felipe;;Tlaxcala
Hacienda;La Concepción;San Felipe;;Tlaxcala
Hacienda;San Pedro;San Felipe;;Tlaxcala
Hacienda;San Diego;San Felipe;;Tlaxcala
Hacienda;Tlapesco;San Felipe;;Tlaxcala
Hacienda;Atotonilco;San Felipe;;Tlaxcala
Hacienda;Santiago;San Felipe;;Tlaxcala
Hacienda;Atoyaque;San Felipe;;Tlaxcala
Hacienda;San Cristóbal;San Felipe;;Tlaxcala
Hacienda;San Pedro;San Felipe;;Tlaxcala
Hacienda;La Concepción;San Felipe;;Tlaxcala
Hacienda;La Compasión;Nativitas;;Tlaxcala
Hacienda;San José;Nativitas;;Tlaxcala
Hacienda;La Compasión;Nativitas;;Tlaxcala
Hacienda;Jaltelulco;Nativitas;;Tlaxcala
Hacienda;San Diego;Nativitas;;Tlaxcala
Hacienda;Palula;Nativitas;;Tlaxcala
Hacienda;Tenexaque;Nativitas;;Tlaxcala
Hacienda;San Pedro;Nativitas;;Tlaxcala
Hacienda;Buena Vista;Nativitas;;Tlaxcala
Hacienda;San Juan;Nativitas;;Tlaxcala
Hacienda;Los Reyes;Nativitas;;Tlaxcala
Hacienda;Santa Águeda;Nativitas;;Tlaxcala
Hacienda;Los Dolores;Nativitas;;Tlaxcala
Hacienda;Santa Ana;Nativitas;;Tlaxcala
Hacienda;Santa Bárbara;Nativitas;;Tlaxcala
Hacienda;San Antonio;Nativitas;;Tlaxcala
Hacienda;San Rafael;Nativitas;;Tlaxcala
Hacienda;El Rosario;Nativitas;;Tlaxcala
Hacienda;San Juan Mixco;Nativitas;;Tlaxcala
Hacienda;Santa Elena;Nativitas;;Tlaxcala
Rancho;Ocotlan;Tlaxcala;;Tlaxcala
Rancho;San Bernardo Sitlaltepeque;Huamantla;;Tlaxcala
Rancho y casas;El Pilancón;Huamantla;;Tlaxcala
Rancho;San Antonio Acopilco;Huamantla;;Tlaxcala
Rancho;San Diego Cuapiaxtla;Huamantla;;Tlaxcala
Rancho;San Antonio Tlaxcantenco;Huamantla;;Tlaxcala
Rancho;San Pedro;Huamantla;;Tlaxcala
Rancho;Las Ánimas;Huamantla;;Tlaxcala
Rancho;Santa Clara;Huamantla;;Tlaxcala
Rancho;Atenco;Apizaco;;Tlaxcala
Rancho;Tenexaque;Apizaco;;Tlaxcala
Rancho;La Mancera;Apizaco;;Tlaxcala
Rancho;Barranca Seca;Apizaco;;Tlaxcala
Rancho;Totolcuesco;Apizaco;;Tlaxcala
Rancho;Atlixtaca;Apizaco;;Tlaxcala
Rancho;San Jacinto Aticpaque;Apizaco;;Tlaxcala
Rancho;Gucicalco;Apizaco;;Tlaxcala
Rancho;Cobalonga;Apizaco;;Tlaxcala
Rancho;Atecosco;Apizaco;;Tlaxcala
Rancho;Quichaque;Apizaco;;Tlaxcala
Rancho;X.l...npusco;Apizaco;;Tlaxcala
Rancho;San Miguel Atescacinco;Apizaco;;Tlaxcala
Rancho;San Pedro Zotoluca;Apizaco;;Tlaxcala
Rancho;San Antonio Acopinalco;Apizaco;;Tlaxcala
Rancho;San Buenaventura;Apizaco;;Tlaxcala
Rancho;Huexotitlan;Apizaco;;Tlaxcala
Rancho;San Bartolomé;Apizaco;;Tlaxcala
Rancho;Zacapexco;Apizaco;;Tlaxcala
Rancho;Socaque;Apizaco;;Tlaxcala
Rancho;Tepezalam;Apizaco;;Tlaxcala
Rancho;Zotoluca;Tlaxco;;Tlaxcala
Rancho;Toltecapa;Tlaxco;;Tlaxcala
Molino;La  Palma;Tlaxco;;Tlaxcala
Rancho;Toloquilla;Tlaxco;;Tlaxcala
Rancho;Tlacotla;Tlaxco;;Tlaxcala
Rancho;Tecamacal;Tlaxco;;Tlaxcala
Rancho;San José;San Felipe;;Tlaxcala
Rancho;La Puerta;San Felipe;;Tlaxcala
Rancho;El Carmen;San Felipe;;Tlaxcala
Rancho;Zoltepeque;San Felipe;;Tlaxcala
Rancho;Caballero;San Felipe;;Tlaxcala
Rancho;Guizye;San Felipe;;Tlaxcala
Rancho;San Lorenzo;San Felipe;;Tlaxcala
Rancho;Santa Cruz;San Felipe;;Tlaxcala
Rancho;San Miguel;San Felipe;;Tlaxcala
Rancho;Mixtec;San Felipe;;Tlaxcala
Rancho;Atotonilco;San Felipe;;Tlaxcala
Rancho;Capula;San Felipe;;Tlaxcala
Rancho;Alporonga;San Felipe;;Tlaxcala
Rancho;Santo Tomás;San Felipe;;Tlaxcala
Rancho;Tepepan;Nativitas;;Tlaxcala
Rancho;Los Cinco Señores;Nativitas;;Tlaxcala
Rancho;Valbarcera;Nativitas;;Tlaxcala
Rancho;San Damián;Nativitas;;Tlaxcala
Venta;Buena Vista;;;Tlaxcala
Venta;San Antonio;;;Tlaxcala
Venta;Tenexaque;;;Tlaxcala
Venta;Capula;;;Tlaxcala
Molino;Santa María de la Defensa;;;Tlaxcala
