rowID;Region;ref_Region;ref_Jurisdiccion;ref_Obispado;Subregion.Oaxaca.;ref_Label;ref_START;Source;AGN_Type;AGN_ID;ref_END;ref_Pais;ref_Adm1
1;Valley of Mexico ;NES;Mexicalcingo;;;Mexicalcingo;1802;AGN Criminal 138 exp. 2, 217 exp. 4 ;Criminal;138;1802;MEX;
2;Valley of Mexico ;NES;Mexicalcingo;;;Santa Marta;1721;AGN Criminal 155, fols. 111-133 ;Criminal;155;1721;MEX;
3;Valley of Mexico ;NES;Mexicalcingo;;;Huitzilopochco;1800;Navarro de Vargas, p. 599;;;1800;MEX;
4;Valley of Mexico ;NES;Tacuba;;;San Pedro Excapusaltongo;1760;AGN Criminal 177 exp. 4;Criminal;177;1760;MEX;
5;Valley of Mexico ;NES;Tacuba;;;Huixquilucan;1769;AGN Criminal 120 exp-. 25 ;Criminal;120;1769;MEX;
6;Valley of Mexico ;NES;Tacuba;;;Tepetitlan;1743;AGN Criminal 177 exp. 23;Criminal;177;1743;MEX;
7;Valley of Mexico ;NES;Xochimilco;;;Milpa Alta;1720;AGN Criminal 232 exp. 2 ;Criminal;232;1720;MEX;
8;Valley of Mexico ;NES;Xochimilco;;;Xochitepec;1796;AGN Criminal 29 exp. 6 ;Criminal;29;1796;MEX;
9;Valley of Mexico ;NES;Ecatepec;;;Tulpetlac;1780;AGN Civil 2114 exp. 8 ;Civil;2114;1780;MEX;
10;Valley of Mexico ;NES;Ecatepec;;;Ecatepec;1782;AGN Policia 23;Policia;23;1782;MEX;
11;Valley of Mexico ;NES;Texcoco;;;Atengo;1688;AGN Criminal 193 exp. 226 ;Criminal;193;1688;MEX;
12;Valley of Mexico ;NES;Texcoco;;;Acolman;1774;AGN Criminal 145, fols. 235.;Criminal;145;1774;MEX;
13;Valley of Mexico ;NES;Otumba;;;Betlen;1749;AGN Criminal 162, fols. 94-104 ;Criminal;162;1749;MEX;
14;Valley of Mexico ;NES;Otumba;;;Ozumbilla;1783;AGN Criminal 162, fols. 187-223;Criminal;162;1783;MEX;
15;Valley of Mexico ;NES;Cuauhtitlan;;;Cuauhtitlan;1785;AGN Clero regular y secular 103 ;Clero;103;1785;MEX;
16;Valley of Mexico ;NES;Mexico City;;;Mexico City ;1692;Biblioteca Nacional MS 1358,  Cavo II, 82-83,  Di Tella, p. 96,  Rubio Mane, II, 44-61 ;;;1692;MEX;
17;Valley of Mexico ;NES;Mexico City;;;Mexico City ;1696;parcialidad de Santa Maria de la Redonda, Bancroft Mexican MS 135 ;;;1696;MEX;
18;Valley of Mexico ;NES;Mexico City;;;Mexico City ;1715;AGN General de Parte 21 exp. 165;General;21;1715;MEX;
19;State of Mexico, fringes of Morelos and Guerrero;NES;Metepec;;;Tarasquillo;1720;AGN Criminal 168 ;Criminal;168;1720;MEX;Mexico
20;State of Mexico, fringes of Morelos and Guerrero;NES;Metepec;;;Tarasquillo;1730;AGN Criminal 168 ;Criminal;168;1730;MEX;Mexico
21;State of Mexico, fringes of Morelos and Guerrero;NES;Metepec;;;Yolotepec;1733;AGN Criminal 168 ;Criminal;168;1733;MEX;Mexico
22;State of Mexico, fringes of Morelos and Guerrero;NES;Metepec;;;San Felipe, district of Ixtlahuaca;1730;AGN Criminal 93, exp. 10 ;Criminal;93;1730;MEX;Mexico
23;State of Mexico, fringes of Morelos and Guerrero;NES;Metepec;;;Almoloya;1792;AGN Criminal 148 exp. 2 ;Criminal;148;1792;MEX;Mexico
24;State of Mexico, fringes of Morelos and Guerrero;NES;Metepec;;;Metepec;1733;AGN Criminal 168, fols. 538.;Criminal;168;1733;MEX;Mexico
25;State of Mexico, fringes of Morelos and Guerrero;NES;Metepec;;;Metepec;1735;AGN Criminal 151 exp. 1, Indios 54, exp. 85 ;Criminal;151;1735;MEX;Mexico
26;State of Mexico, fringes of Morelos and Guerrero;NES;Metepec;;;Metepec;1772;AGN Criminal 168, fols. 283.;Criminal;168;1772;MEX;Mexico
27;State of Mexico, fringes of Morelos and Guerrero;NES;Metepec;;;Metepec;1801;AGN Criminal 152, fols. 270.;Criminal;152;1801;MEX;Mexico
28;State of Mexico, fringes of Morelos and Guerrero;NES;Metepec;;;Ocuioaca, district of Tenango;1807;AGN Civil 1599 exp. 1, Civil 1505 exp. 7, Criminal 207 exp. 12 ;Civil;1599;1807;MEX;Mexico
29;State of Mexico, fringes of Morelos and Guerrero;NES;Metepec;;;Ixtlahuaca;1727;AGN Civil 1508 exp. 6 ;Civil;1508;1727;MEX;Mexico
30;State of Mexico, fringes of Morelos and Guerrero;NES;Metepec;;;Ixtlahuaca;1769;University of Texas Mexican MS G 205;;;1769;MEX;Mexico
31;State of Mexico, fringes of Morelos and Guerrero;NES;Metepec;;;Atlacomulco;1733;AGN Civil-2292 exps. 10-11 ;Civil;2292;1733;MEX;Mexico
32;State of Mexico, fringes of Morelos and Guerrero;NES;Metepec;;;Atlacomulco;1810;AGN Criminal 229, fols. 263.;Criminal;229;1810;MEX;Mexico
33;State of Mexico, fringes of Morelos and Guerrero;NES;Metepec;;;Atlacomulco;1811;AGN Criminal 231 exp. 1 ;Criminal;231;1811;MEX;Mexico
34;State of Mexico, fringes of Morelos and Guerrero;NES;Metepec;;;Atlacomulco;1814;AGN Criminal 230 exp. 15;Criminal;230;1814;MEX;Mexico
35;State of Mexico, fringes of Morelos and Guerrero;NES;Metepec;;;San Andres Mexicalcingo;1703;AGN Criminal 217 exp. 4 ;Criminal;217;1703;MEX;Mexico
36;State of Mexico, fringes of Morelos and Guerrero;NES;Metepec;;;San Antonio;1735;AGN Indios 54 exp. 85;Indios;54;1735;MEX;Mexico
37;State of Mexico, fringes of Morelos and Guerrero;NES;Metepec;;;Los Reyes, district of Xocotitlán;1767;AGN Criminal 92 exp. 5;Criminal;92;1767;MEX;Mexico
38;State of Mexico, fringes of Morelos and Guerrero;NES;Metepec;;;San Mateo Atengo;1638;AGN Criminal 219 ;Criminal;219;1638;MEX;Mexico
39;State of Mexico, fringes of Morelos and Guerrero;NES;Metepec;;;Amanalco;1792;AGN Criminal 243 exp. 1;Criminal;243;1792;MEX;Mexico
40;State of Mexico, fringes of Morelos and Guerrero;NES;Metepec;;;San Lorenzo and Santa Maria Guisisilapa;1710;AGN Criminal 218, fols. 1-19 ;Criminal;218;1710;MEX;Mexico
41;State of Mexico, fringes of Morelos and Guerrero;NES;Zacualpa;;;Yzcateopan;1808;AGN Criminal 166, fols. 134-136 ;Criminal;166;1808;MEX;Mexico
42;State of Mexico, fringes of Morelos and Guerrero;NES;Zacualpa;;;Ostumac;1810;AGN Criminal 166, fols. 274-294 ;Criminal;166;1810;MEX;Mexico
43;State of Mexico, fringes of Morelos and Guerrero;NES;Zacualpa;;;Alahuistlan;1795;AGN Criminal 166, fols. 354;Criminal;166;1795;MEX;Mexico
44;State of Mexico, fringes of Morelos and Guerrero;NES;Zacualpa;;;Apastla;1783;AGN Criminal 167 exp. 1;Criminal;167;1783;MEX;Mexico
45;State of Mexico, fringes of Morelos and Guerrero;NES;Zacualpa;;;Apastla;1807;AGN Criminal 168, fols. 1-13 ;Criminal;168;1807;MEX;Mexico
46;State of Mexico, fringes of Morelos and Guerrero;NES;Zacualpa;;;Apastla;1111;AGN Criminal 166, fols. 185;Criminal;166;1111;MEX;Mexico
47;State of Mexico, fringes of Morelos and Guerrero;NES;Zacualpa;;;Yztapa;1800;AGN Criminal 181, fols. 201.;Criminal;181;1800;MEX;Mexico
48;State of Mexico, fringes of Morelos and Guerrero;NES;Tenango del Valle (see also Ocuioaca under Metepec) ;;;Quintana, district of Ozolotepec;1783;AGN Criminal 123 exp. 3 ;Criminal;123;1783;MEX;Mexico
49;State of Mexico, fringes of Morelos and Guerrero;NES;Tenango del Valle (see also Ocuioaca under Metepec) ;;;Calimaya,;1803;AGN Criminal 123 exp. 28;Criminal;123;1803;MEX;Mexico
50;State of Mexico, fringes of Morelos and Guerrero;NES;Tenango del Valle (see also Ocuioaca under Metepec) ;;;Tenango;1762;AGN Criminal 123 exp. 21 (six tumultos mentioned);Criminal;123;1762;MEX;Mexico
51;State of Mexico, fringes of Morelos and Guerrero;NES;Tenango del Valle (see also Ocuioaca under Metepec) ;;;Ozolotepec;1799;AGN Indios 70 exp. 69;Indios;70;1799;MEX;Mexico
52;State of Mexico, fringes of Morelos and Guerrero;NES;Lerma;;;San Miguel Amealco;1733;AGN Criminal 169, fols. 103-143 ;Criminal;169;1733;MEX;Mexico
53;State of Mexico, fringes of Morelos and Guerrero;NES;Temascaltepec and Sultepec;;;Tescaticlan;1714;AGN Criminal 180, fols. 50-61 ;Criminal;180;1714;MEX;Mexico
54;State of Mexico, fringes of Morelos and Guerrero;NES;Temascaltepec and Sultepec;;;Sultepec;1764;AGN Criminal 210, fok 243r ;Criminal;210;1764;MEX;Mexico
55;State of Mexico, fringes of Morelos and Guerrero;NES;Temascaltepec and Sultepec;;;Pozontepec;1758;AGN Criminal 210, fols. 189-205;Criminal;210;1758;MEX;Mexico
56;State of Mexico, fringes of Morelos and Guerrero;NES;Ichcateopan ;;;Yzcatepec;1787;AGN Criminal 81, fols. 238-300 ;Criminal;81;1787;MEX;Mexico
57;State of Mexico, fringes of Morelos and Guerrero;NES;Ichcateopan ;;;Aclahuistlan;1711;AGN Criminal 166, fols. 320-353;Criminal;166;1711;MEX;Mexico
58;State of Mexico, fringes of Morelos and Guerrero;NES;Malinalco;;;Malinalco;1803;AGN Criminal 191 exp. 1 ;Criminal;191;1803;MEX;Mexico
59;State of Mexico, fringes of Morelos and Guerrero;NES;Malinalco;;;Malinalco;1818;AGN Civil 2292 exps. 7-8 ;Civil;2292;1818;MEX;Mexico
60;State of Mexico, fringes of Morelos and Guerrero;NES;Malinalco;;;Azingo;1786;AGN Civil 865 exp. 8;Civil;865;1786;MEX;Mexico
61;State of Mexico, fringes of Morelos and Guerrero;NES;Malinalco;;;Ocuila;1772;AGN Civil 865 exp. g;Civil;865;1772;MEX;Mexico
62;State of Mexico, fringes of Morelos and Guerrero;NES;Malinalco;;;Tenancingo;1797;AGN Criminal 15 exps. 2-3;Criminal;15;1797;MEX;Mexico
63;State of Mexico, fringes of Morelos and Guerrero;NES;Malinalco;;;Zumpahuacan;1808;AGN Criminal 17 exp. 11;Criminal;17;1808;MEX;Mexico
64;State of Mexico, fringes of Morelos and Guerrero;NES;Cuernavaca;;;Tepoztlan;1778;AGN Criminal 203 exp. 4 ;Criminal;203;1778;MEX;Mexico
65;State of Mexico, fringes of Morelos and Guerrero;NES;Cuernavaca;;;Achichipilco;1802;AGN Criminal 202 last expediente;Criminal;202;1802;MEX;Mexico
66;State of Mexico, fringes of Morelos and Guerrero;NES;Cuahutla;;;Thetelzingo;1778;AGN Criminal 507 exp. 17 ;Criminal;507;1778;MEX;Mexico
67;State of Mexico, fringes of Morelos and Guerrero;NES;Chalco;;;Tlayacapan;1784;AGN Criminal 1 exp. 11 ;Criminal;1;1784;MEX;Mexico
68;State of Mexico, fringes of Morelos and Guerrero;NES;Chalco;;;Atlautla;1799;AGN Criminal 157, fols. 93-132 ;Criminal;157;1799;MEX;Mexico
69;State of Mexico, fringes of Morelos and Guerrero;NES;Chalco;;;Amecameca, barrio Tlailotlacan, ;1799;AGN Criminal 226, fols. 401.;Criminal;226;1799;MEX;Mexico
70;State of Mexico, fringes of Morelos and Guerrero;NES;Chalco;;;Tlalmanalco;1693;AGN Criminal 227 exp. g;Criminal;227;1693;MEX;Mexico
71;State of Mexico, fringes of Morelos and Guerrero;NES;Chalco;;;Tlalmanalco;1773;AGN Criminal 90;Criminal;90;1773;MEX;Mexico
72;State of Mexico, fringes of Morelos and Guerrero;NES;Chalco;;;Chimalhuacan;1802;AGN Criminal 255 exp. 13;Criminal;255;1802;MEX;Mexico
74;State of Hidalgo ;NES;Tetepango;;;Misquiaguala;1681;AGN Criminal 115 exp. 1;Criminal;115;1681;MEX;Hidalgo
75;State of Hidalgo ;NES;Tetepango;;;Axacuba;1744;AGN Criminal 53 exp. 20;Criminal;53;1744;MEX;Hidalgo
76;State of Hidalgo ;NES;Tetepango;;;Tlapanaloya, district of Atitalaquia;1690;AGN Criminal 54 exp. 14;Criminal;54;1690;MEX;Hidalgo
77;State of Hidalgo ;NES;Actopan;;;Tetitlan ;1764;AGN Criminal 117 exp. 7 ;Criminal;117;1764;MEX;Hidalgo
78;State of Hidalgo ;NES;Actopan;;;Actopan;1756;AGN Civil 241 exp. 1;Civil;241;1756;MEX;Hidalgo
80;State of Hidalgo ;NES;Meztitlan ;;;Meztitlan;1772;AGN Criminal 102, 104, 107 ;Criminal;102;1772;MEX;Hidalgo
81;State of Hidalgo ;NES;Meztitlan ;;;Zozoquiapam;1805;AGN Criminal 180, fols. 361.;Criminal;180;1805;MEX;Hidalgo
82;State of Hidalgo ;NES;Meztitlan ;;;San Juan Meztitlan ;1805;AGN Criminal 180, fols. 430-.;Criminal;180;1805;MEX;Hidalgo
83;State of Hidalgo ;NES;Meztitlan ;;;Coamelco;1777;AGN Criminal 79 exp. 1;Criminal;79;1777;MEX;Hidalgo
85;State of Hidalgo ;NES;Pachuca;;;Real del Monte;1805;AGN Criminal 115 exp. 7;Criminal;115;1805;MEX;Hidalgo
86;State of Hidalgo ;NES;Pachuca;;;Pachuca;1771;AGN Criminal 303 exps. 1, 305, 306, 308;Criminal;303;1771;MEX;Hidalgo
88;State of Hidalgo ;NES;Ixmiquilpan;;;Sabanilla;1746;AGN Criminal 57 exp. 1;Criminal;57;1746;MEX;Hidalgo
89;State of Hidalgo ;NES;Ixmiquilpan;;;Donicha;1779;AGN Criminal 75 exps. 3-4;Criminal;75;1779;MEX;Hidalgo
90;State of Hidalgo ;NES;Tulancingo;;;Tulancingo;1769;AGN Criminal 308 ;Criminal;308;1769;MEX;Hidalgo
92;State of Hidalgo ;NES;Xilotepec-Huichapan;;;San Francisco Soyalmiquilpa;1818;AGN Criminal 26 exp. g ;Criminal;26;1818;MEX;Hidalgo
93;State of Hidalgo ;NES;Xilotepec-Huichapan;;;San Pedro Donicaa;1766;AGN Criminal 178 exp. 1;Criminal;178;1766;MEX;Hidalgo
94;State of Hidalgo ;NES;Xilotepec-Huichapan;;;Santa Maria Tixmadeje;1789;AGN Criminal 202 exp. 1 ;Criminal;202;1789;MEX;Hidalgo
95;State of Hidalgo ;NES;Xilotepec-Huichapan;;;Alfajayuca;1766;AGN Civil 2166 exp. 5;Civil;2166;1766;MEX;Hidalgo
96;State of Hidalgo ;NES;Zimapan ;;;Zimapatongo;1807;AGN Criminal 178 exp. 23;Criminal;178;1807;MEX;Hidalgo
98;State of Hidalgo ;NES;Tumultos in central Mexico unidentified by jurisdiction;;;La Milpa;1766;AGN Criminal 155, fols. 358.;Criminal;155;1766;MEX;Hidalgo
99;State of Hidalgo ;NES;Tumultos in central Mexico unidentified by jurisdiction;;;Dayonthe;1805;AGN Criminal 179, fols. 455.;Criminal;179;1805;MEX;Hidalgo
101;State of Puebla ;NES;;;;San Andres Chalchicomula;1768;AGN Criminal 307 exp. 2 ;Criminal;307;1768;MEX;Puebla
102;State of Puebla ;NES;;;;Tetela de Xonotla;1798;AGN Historia 334 exp. 5 ;Historia;334;1798;MEX;Puebla
103;State of Puebla ;NES;;;;San Gabriel Chilac;1801;AGN Historia 413 ;Historia;413;1801;MEX;Puebla
104;State of Puebla ;NES;;;;Soquitlan;1708;AGN Criminal 660;Criminal;660;1708;MEX;Puebla
105;State of Puebla ;NES;;;;Izucar de Matamoros;1781;Calderon Quijano, II, 163-75;;;1781;MEX;Puebla
108;State of Oaxaca ;NES;;;Valley of Oaxaca;Cuilapan;1725;AGN Hospital de Jesus 307 exp. 4 ;Hospital;307;1725;MEX;Oaxaca
109;State of Oaxaca ;NES;;;Valley of Oaxaca;San Pablo Etla;1755;AGN Hospital de Jesus 308 exp. 18;Hospital;308;1755;MEX;Oaxaca
110;State of Oaxaca ;NES;;;Valley of Oaxaca;Sant Cruz Amilpas;1710;AGN Indios 37 exp. 190;Indios;37;1710;MEX;Oaxaca
111;State of Oaxaca ;NES;;;Valley of Oaxaca;Sant Cruz Amilpas;1720;AGN Tierras 381 exp. 5;Tierras;381;1720;MEX;Oaxaca
112;State of Oaxaca ;NES;;;Valley of Oaxaca;Zaachila;1710;AGN Indios 6 primera parte exp. 473 ;Indios;6;1710;MEX;Oaxaca
113;State of Oaxaca ;NES;;;Valley of Oaxaca;Zaachila;1776;AGN Intendencias 12 ;Intendencias;12;1776;MEX;Oaxaca
114;State of Oaxaca ;NES;;;Valley of Oaxaca;Zaachila;1784;GI Audiencia de Mexico 2588 ;;;1784;MEX;Oaxaca
115;State of Oaxaca ;NES;;;Valley of Oaxaca;Zaachila;1806;EO Juzgados 1806;;;1806;MEX;Oaxaca
116;State of Oaxaca ;NES;;;Valley of Oaxaca;Guelavia;1690;AGN Tierras 148 exp. 3;Tierras;148;1690;MEX;Oaxaca
117;State of Oaxaca ;NES;;;Valley of Oaxaca;Guelavia;1705;AGN Tierras 223 exp. 4;Tierras;223;1705;MEX;Oaxaca
118;State of Oaxaca ;NES;;;Valley of Oaxaca;Ocotlan;1788;AGN Tierras 867 exp. 2;Tierras;867;1788;MEX;Oaxaca
119;State of Oaxaca ;NES;;;Valley of Oaxaca;Soledad Etla;1797;AGN Tierras 1877 exp. 2 ;Tierras;1877;1797;MEX;Oaxaca
121;State of Oaxaca ;NES;;;Valley of Oaxaca;Zimatlan;1740;AGN Tierras 1460 exp. 7;Tierras;1460;1740;MEX;Oaxaca
122;State of Oaxaca ;NES;;;Valley of Oaxaca;Zimatlan;1773;AGN Criminal 306 exp. 5;Criminal;306;1773;MEX;Oaxaca
123;State of Oaxaca ;NES;;;Valley of Oaxaca;Zimatlan;1774;AGI Audiencia de Mexico 2588 ;;;1774;MEX;Oaxaca
124;State of Oaxaca ;NES;;;Valley of Oaxaca;San Antonio de la Cal;1730;AGN Tierras 2259 exp. 4;Tierras;2259;1730;MEX;Oaxaca
125;State of Oaxaca ;NES;;;Valley of Oaxaca;San Antonio de la Cal;1754;AGN Tierras 2386 exp. 1;Tierras;2386;1754;MEX;Oaxaca
126;State of Oaxaca ;NES;;;Valley of Oaxaca;Teotitlan del Valle;1792;AGN Epidemias 15;Epidemias;15;1792;MEX;Oaxaca
127;State of Oaxaca ;NES;;;Valley of Oaxaca;Teotitlan del Valle;1793;AGN Indios 101 exp. 8 ;Indios;101;1793;MEX;Oaxaca
128;State of Oaxaca ;NES;;;Valley of Oaxaca;Santa Lucia;1717;AGN Criminal 283 exp. 3 ;Criminal;283;1717;MEX;Oaxaca
129;State of Oaxaca ;NES;;;Valley of Oaxaca;Various towns;1784;AGI Audiencia de Mexico 2588 ;;;1784;MEX;Oaxaca
130;State of Oaxaca ;NES;;;Valley of Oaxaca;Abasolo;1800;AEO Juzgados 1800 ;;;1800;MEX;Oaxaca
131;State of Oaxaca ;NES;;;Valley of Oaxaca;Tlalixtac;1804;AEO Juzgados 1804;;;1804;MEX;Oaxaca
132;State of Oaxaca ;NES;;;Valley of Oaxaca;Trinidad de la Huertas;1808;AEO Juzgados 1808 ;;;1808;MEX;Oaxaca
133;State of Oaxaca ;NES;;;Valley of Oaxaca;Macuilx6chitl;1757;CCC Hacienda Buenavista papers ;;;1757;MEX;Oaxaca
134;State of Oaxaca ;NES;;;Valley of Oaxaca;Tlapacoya;1785;AGI Audiencia de Mexico 2588;;;1785;MEX;Oaxaca
135;State of Oaxaca ;NES;;;Valley of Oaxaca;Lachixijo;1804;AEO Juzgados 1804 ;;;1804;MEX;Oaxaca
136;State of Oaxaca ;NES;;;Valley of Oaxaca;San Pablo, district of Cuatro Villas;1689;AGN Indios 30 exp. 244 ;Indios;30;1689;MEX;Oaxaca
137;State of Oaxaca ;NES;;;Valley of Oaxaca;Ayoquesco;1742;AGN Indios 55 exp. 91;Indios;55;1742;MEX;Oaxaca
138;State of Oaxaca ;NES;;;Mixteca Alta (1629-1823) ;Achiutla;1629;CDCh roll 6, exp. 209;;;1629;MEX;Oaxaca
139;State of Oaxaca ;NES;;;Mixteca Alta (1629-1823) ;Petalcingo;1631;CDCh roll 6, exp. 227;;;1631;MEX;Oaxaca
140;State of Oaxaca ;NES;;;Mixteca Alta (1629-1823) ;Sujeto of Teposcolula;1639;CDCh roll 8, exp. 286;;;1639;MEX;Oaxaca
141;State of Oaxaca ;NES;;;Mixteca Alta (1629-1823) ;Xinastla;1680;CDCh roll 8, exp. 475;;;1680;MEX;Oaxaca
142;State of Oaxaca ;NES;;;Mixteca Alta (1629-1823) ;Santiago Tillo;1683;CDCh roll g, exp. 502 ;;;1683;MEX;Oaxaca
143;State of Oaxaca ;NES;;;Mixteca Alta (1629-1823) ;Tamazulapa;1686;CDCh roll g, exp. 520 ;;;1686;MEX;Oaxaca
144;State of Oaxaca ;NES;;;Mixteca Alta (1629-1823) ;Xaltepetongo;1688;CDCh roll g, exp. 529 ;;;1688;MEX;Oaxaca
145;State of Oaxaca ;NES;;;Mixteca Alta (1629-1823) ;Tiltepec;1692;CDCh roll 10, exp. 551 ;;;1692;MEX;Oaxaca
146;State of Oaxaca ;NES;;;Mixteca Alta (1629-1823) ;Usila;1702;AGN Indios 35 exp. 123 ;Indios;35;1702;MEX;Oaxaca
147;State of Oaxaca ;NES;;;Mixteca Alta (1629-1823) ;Yanhuitlan;1775;CDCh roll 15, exp. 410 ;;;1775;MEX;Oaxaca
148;State of Oaxaca ;NES;;;Mixteca Alta (1629-1823) ;Chalcatongo;1779;CDCh roll 15, exps. 428, 430;;;1779;MEX;Oaxaca
149;State of Oaxaca ;NES;;;Mixteca Alta (1629-1823) ;Chalcatongo;1674;CDCh roll 21, exp. 107 ;;;1674;MEX;Oaxaca
150;State of Oaxaca ;NES;;;Mixteca Alta (1629-1823) ;Achiutla;1785;CDCh roll 15, exp. 469 ;;;1785;MEX;Oaxaca
151;State of Oaxaca ;NES;;;Mixteca Alta (1629-1823) ;Yolomecatl;1743;CDCh roll 14, exp. 209 ;;;1743;MEX;Oaxaca
152;State of Oaxaca ;NES;;;Mixteca Alta (1629-1823) ;Yolomecatl;1744;CDCh roll 14, exp. 222 ;;;1744;MEX;Oaxaca
153;State of Oaxaca ;NES;;;Mixteca Alta (1629-1823) ;Santo Domingo Yodoino;1753;CDCh roll 14, exp. 251 ;;;1753;MEX;Oaxaca
154;State of Oaxaca ;NES;;;Mixteca Alta (1629-1823) ;San Andres Xinastla;1737;CDCh roll 12, exp. 172 ;;;1737;MEX;Oaxaca
155;State of Oaxaca ;NES;;;Mixteca Alta (1629-1823) ;Teozacualco ;1774;AGN Criminal 306 exps. 1, 3 ;Criminal;306;1774;MEX;Oaxaca
156;State of Oaxaca ;NES;;;Mixteca Alta (1629-1823) ;San Miguel Malinaltepec;1806;AEO Juzgados 1806;;;1806;MEX;Oaxaca
157;State of Oaxaca ;NES;;;Mixteca Alta (1629-1823) ;Theotila;1754;AGN Inquisicion 960, fols. i63-89;Inquisicion;960;1754;MEX;Oaxaca
158;State of Oaxaca ;NES;;;Mixteca Alta (1629-1823) ;Teposcolula;1777;CDCh roll 15 1785, CDCh roll 15 ;;;1777;MEX;Oaxaca
159;State of Oaxaca ;NES;;;Mixteca Alta (1629-1823) ;San Miguel el Grande;1780;CDCh roll 15 ;;;1780;MEX;Oaxaca
160;State of Oaxaca ;NES;;;Mixteca Alta (1629-1823) ;Coixtlahuaca;1822;CDCh roll 20, exps. 32, 196 ;;;1822;MEX;Oaxaca
161;State of Oaxaca ;NES;;;Mixteca Alta (1629-1823) ;San Pedro Añañe;1823;CDCh roll 21;;;1823;MEX;Oaxaca
