rowID;ref_Label;gz_id;fuzzy_score
2;santa cruz de tenerife;1003514;1.0
2;santa cruz de tenerife;1003514;1.0
2;santa cruz de tenerife;1000313;1.0
2;santa cruz de tenerife;1000313;1.0
2;santa cruz de tenerife;1000313;1.0
3;san juan;9000235;1.0
3;san juan;9000235;1.0
3;san juan;9000235;1.0
3;san juan;9000235;1.0
3;san juan;9000235;1.0
4;puerto cabello;9901029;1.0
4;puerto cabello;9901029;1.0
4;puerto cabello;4000107;1.0
4;puerto cabello;4000107;1.0
4;puerto cabello;4000107;1.0
5;puerto cabello;9901029;1.0
5;puerto cabello;9901029;1.0
5;puerto cabello;4000107;1.0
5;puerto cabello;4000107;1.0
5;puerto cabello;4000107;1.0
6;caracas;4000001;1.0
6;caracas;4000001;1.0
6;caracas;4000001;1.0
6;caracas;4000001;1.0
6;caracas;4000001;1.0
7;caracas;4000001;1.0
7;caracas;4000001;1.0
7;caracas;4000001;1.0
7;caracas;4000001;1.0
7;caracas;4000001;1.0
8;la guaira;4000010;1.0
8;la guaira;4000010;1.0
8;la guaira;4000010;1.0
8;la guaira;4000010;1.0
8;la guaira;4000010;1.0
9;barranquilla;5000047;1.0
9;barranquilla;5000047;1.0
9;barranquilla;5000047;1.0
10;cartagena de indias;5000004;1.0
10;cartagena de indias;7000224;1.0
10;cartagena de indias;5000004;1.0
10;cartagena de indias;7000224;1.0
11;mompox;5000024;1.0
11;mompox;5000024;1.0
11;mompox;5000024;1.0
11;mompox;5000024;1.0
12;ocaña;5000039;1.0
12;ocaña;5000039;1.0
14;pamplona;5000016;1.0
14;pamplona;5000016;1.0
16;socorro;5000015;1.0
16;socorro;9000702;1.0
16;socorro;9000702;1.0
16;socorro;1004787;1.0
16;socorro;1004787;1.0
17;san gil;5000042;1.0
17;san gil;5000042;1.0
17;san gil;9900302;0.923076923076923
17;san gil;1001118;0.923076923076923
17;san gil;1001118;0.923076923076923
19;tunja;5000014;1.0
20;nares;5000218;0.8888888888888888
21;honda;5000622;1.0
21;honda;5000029;1.0
21;honda;7000101;1.0
21;honda;7000101;1.0
21;honda;9900590;1.0
22;santa fe de bogotá;1000012;1.0
22;santa fe de bogotá;1000012;1.0
22;santa fe de bogotá;1000584;1.0
22;santa fe de bogotá;1000584;1.0
22;santa fe de bogotá;6000885;1.0
23;neiva;5000010;1.0
24;san sebastián de la plata;5000032;1.0
24;san sebastián de la plata;1000055;0.923076923076923
24;san sebastián de la plata;1000055;0.923076923076923
24;san sebastián de la plata;1000055;0.923076923076923
24;san sebastián de la plata;1000497;0.923076923076923
26;cartago;5600037;1.0
26;cartago;5600037;1.0
26;cartago;2000010;1.0
27;llano grande;2000899;1.0
27;llano grande;2000899;1.0
27;llano grande;5000769;1.0
27;llano grande;5000769;1.0
27;llano grande;5000769;1.0
28;quilichao;5600164;1.0
31;san juan de pasto;1000307;1.0
31;san juan de pasto;1000307;1.0
31;san juan de pasto;1000307;1.0
31;san juan de pasto;1000307;1.0
31;san juan de pasto;1000401;1.0
33;ibarra;5600008;1.0
33;ibarra;5600008;1.0
33;ibarra;5600008;1.0
34;otavalo;5600009;1.0
34;otavalo;5600009;1.0
34;otavalo;5600009;1.0
36;quito;9901182;1.0
36;quito;9901182;1.0
36;quito;5600001;1.0
36;quito;5600001;1.0
36;quito;5600001;1.0
37;cuenca;5600002;1.0
37;cuenca;5600002;1.0
37;cuenca;6000597;1.0
37;cuenca;6000597;1.0
37;cuenca;5600002;1.0
38;loja;5600012;1.0
38;loja;5600012;1.0
38;loja;5600012;1.0
38;loja;5600012;1.0
39;piura;6001391;1.0
39;piura;6001391;1.0
40;chocope;6001441;1.0
40;chocope;6001441;1.0
41;lambayeque;6001438;1.0
41;lambayeque;6001438;1.0
42;cajamarca;6001261;1.0
42;cajamarca;5600522;1.0
42;cajamarca;5600522;1.0
42;cajamarca;6001261;1.0
43;trujillo;4000463;1.0
43;trujillo;4000463;1.0
43;trujillo;4000463;1.0
43;trujillo;2000009;1.0
43;trujillo;2000009;1.0
44;lima;9000487;1.0
44;lima;9000487;1.0
44;lima;9000487;1.0
44;lima;6000001;1.0
44;lima;6000001;1.0
45;chilca;6000696;1.0
45;chilca;6000696;1.0
46;ica;6000859;1.0
46;ica;6000859;1.0
46;ica;6000856;1.0
46;ica;6000856;1.0
47;arequipa;6000007;1.0
47;arequipa;6000007;1.0
48;barbacoas;4000139;1.0
48;barbacoas;4000139;1.0
48;barbacoas;4000139;1.0
48;barbacoas;4000139;1.0
48;barbacoas;4000139;1.0
49;tumaco;5600070;1.0
49;tumaco;5600070;1.0
49;tumaco;5600070;1.0
49;tumaco;5600070;1.0
49;tumaco;5600070;1.0
50;ibarra;5600008;1.0
50;ibarra;5600008;1.0
50;ibarra;5600008;1.0
51;quito;9901182;1.0
51;quito;9901182;1.0
51;quito;5600001;1.0
51;quito;5600001;1.0
51;quito;5600001;1.0
52;guayaquil;5600003;1.0
52;guayaquil;5600003;1.0
52;guayaquil;5600003;1.0
52;guayaquil;5600003;1.0
52;guayaquil;5600003;1.0
53;tumbes;6001395;1.0
53;tumbes;6001395;1.0
54;jaen;5600004;1.0
54;jaen;5600004;1.0
54;jaen;5600004;1.0
55;lima;9000487;1.0
55;lima;9000487;1.0
55;lima;9000487;1.0
55;lima;6000001;1.0
55;lima;6000001;1.0
56;huarochiri;6000807;1.0
56;huarochiri;6000807;1.0
57;jauja;6001133;1.0
57;jauja;6001133;1.0
58;tarma;6000004;1.0
58;tarma;6000004;1.0
59;huanuco;6001084;1.0
59;huanuco;6001084;1.0
60;cuchero;6001554;1.0
60;cuchero;6001554;1.0
60;cuchero;6001554;1.0
60;cuchero;6001554;1.0
61;canta;6000706;1.0
61;canta;6000706;1.0
62;lima;9000487;1.0
62;lima;9000487;1.0
62;lima;9000487;1.0
62;lima;6000001;1.0
62;lima;6000001;1.0
66;valparaiso;7000003;1.0
66;valparaiso;7000003;1.0
66;valparaiso;1004871;1.0
66;valparaiso;1004871;1.0
66;valparaiso;1004871;1.0
67;santiago;5000007;1.0
67;santiago;5000007;1.0
67;santiago;5000007;1.0
67;santiago;5000007;1.0
67;santiago;5000007;1.0
68;talca;9901219;1.0
68;talca;7000175;1.0
68;talca;7000098;1.0
68;talca;7000098;1.0
68;talca;7000175;1.0
70;valdivia;7000005;1.0
70;valdivia;7000005;1.0
70;valdivia;7000005;1.0
70;valdivia;7000270;1.0
70;valdivia;7000270;1.0
71;san carlos;9000248;1.0
71;san carlos;9000248;1.0
71;san carlos;9000248;1.0
71;san carlos;9000248;1.0
71;san carlos;9000636;1.0
72;lima;9000487;1.0
72;lima;9000487;1.0
72;lima;9000487;1.0
72;lima;6000001;1.0
72;lima;6000001;1.0
73;puno;8000002;1.0
73;puno;8000002;1.0
73;puno;8000002;1.0
74;la paz;1004723;1.0
74;la paz;1002005;1.0
74;la paz;1002005;1.0
74;la paz;1002005;1.0
74;la paz;1005308;1.0
75;cochabamba;9900776;1.0
75;cochabamba;9900776;1.0
75;cochabamba;8000004;1.0
75;cochabamba;8000004;1.0
75;cochabamba;6001111;1.0
76;la habana;3000004;1.0
76;la habana;3000004;1.0
76;la habana;3000004;1.0
76;la habana;3000004;1.0
76;la habana;3000004;1.0
77;sisal;1004568;1.0
77;sisal;9900228;1.0
77;sisal;9900228;1.0
77;sisal;1004568;1.0
79;sisal;1004568;1.0
79;sisal;9900228;1.0
79;sisal;9900228;1.0
79;sisal;1004568;1.0
80;villahermosa;1000018;1.0
80;villahermosa;1000018;1.0
81;ciudad real;2000005;1.0
81;ciudad real;2000005;1.0
81;ciudad real;2000005;1.0
81;ciudad real;4000421;1.0
81;ciudad real;4000421;1.0
82;guatemala;2000003;1.0
82;guatemala;2000003;1.0
82;guatemala;2000002;1.0
82;guatemala;2000199;1.0
82;guatemala;2000199;1.0
83;antequera;1000014;1.0
83;antequera;1000014;1.0
85;campeche;1000226;1.0
85;campeche;1000226;1.0
86;veracruz;1004843;1.0
86;veracruz;1004843;1.0
86;veracruz;1000021;1.0
86;veracruz;1000021;1.0
86;veracruz;1000021;1.0
88;puebla;1000015;1.0
88;puebla;1000015;1.0
88;puebla;1000015;1.0
88;puebla;2000697;1.0
88;puebla;2000697;1.0
91;celaya;1000073;1.0
91;celaya;1000073;1.0
92;guanajuato;1000005;1.0
92;guanajuato;1000005;1.0
93;aguas calientes;9900186;1.0
93;aguas calientes;9900186;1.0
93;aguas calientes;9900186;1.0
93;aguas calientes;2000795;0.9655172413793103
94;fresnillo;1000234;1.0
94;fresnillo;1000234;1.0
94;fresnillo;1000234;1.0
95;sombrerete;1000240;1.0
95;sombrerete;1000240;1.0
96;durango;1000004;1.0
96;durango;1000004;1.0
98;acapulco;1003824;1.0
98;acapulco;1003824;1.0
98;acapulco;1000006;1.0
98;acapulco;1000006;1.0
98;acapulco;1000006;1.0
110;valladolid;5600148;1.0
110;valladolid;5600148;1.0
110;valladolid;5600148;1.0
110;valladolid;5600148;1.0
110;valladolid;1000008;1.0
111;guadalajara;1000002;1.0
111;guadalajara;1000002;1.0
