Label;GZ_ID;ID;Contexto-Sup1;Contexto-Sup2;Contexto-Sup3;Contexto-Sup4;REG;Curatos;Anexos;Nucleos;Alcance-tipo;START_;END_;Fecha_Dato;Dato-tipo;Fuente;SUMAS;Nota;Total;Blancos;Indios;Mestizos;Castas;Indefinidos;Blancos-rel;Indios-rel;Mestizos-rel;Castas-rel;Indefinidos-rel;Esclavos;Esclavos-rel;Vecinos-doc;Tributarios-doc;Familias-doc;Total-doc;Eclesiasticos-t-doc;Blancos-t-doc;Indefinidos-t-doc;Indios-t-doc;Mestizos-t-doc;Castas-t-doc;Negros-t-doc;Esclavos-t-doc;Eclesiásticos-m-doc;Eclesiásticos-f-doc;Blancos-m-doc;Blancos-f-doc;Indefinidos-m-doc;Indefinidos-f-doc;Indios-m-doc;Indios-f-doc;Mestizos-m-doc;Mestizos-f-doc;Castas-m-doc;Castas-f-doc;Negros-m-doc;Negros-f-doc;Esclavos-m-doc;Esclavos-f-doc;Blancos-m-cas-doc;Blancos-m-sol-doc;Blancos-m-men-doc;Blancos-f-cas-doc;Blancos-f-sol-doc;Blancos-f-men-doc;Indios-m-cas-doc;Indios-m-sol-doc;Indios-m-men-doc;Indios-f-cas-doc;Indios-f-sol-doc;Indios-f-men-doc;Indefinido-m-cas;Indefinido-m-sol;Indefinido-m-men;Indefinido-f-cas;Indefinido-f-sol;Indefinido-f-men;Mestizos-m-cas-doc;Mestizos-m-sol-doc;Mestizos-m-men-doc;Mestizos-f-cas-doc;Mestizos-f-sol-doc;Mestizos-f-men-doc;Castas-m-cas-doc;Castas-m-sol-doc;Castas-m-men-doc;Castas-f-cas-doc;Castas-f-sol-doc;Castas-f-men-doc;Negros-m-cas-doc;Negros-m-sol-doc;Negros-m-men-doc;Negros-f-cas-doc;Negros-f-sol-doc;Negros-f-men-doc;Esclavos-m-cas-doc;Esclavos-m-sol-doc;Esclavos-m-men-doc;Esclavos-f-cas-doc;Esclavos-f-sol-doc;Esclavos-f-men-doc;Blancos-m-viudos;Blancos-f-viudos;Indios-m-viudos;Indios-f-viudos;Mestizos-m-viudos;Mestizos-f-viudos;Castas-m-viudos;Castas-f-viudos;Negros-m-viudos;Negros-f-viudos;Esclavos-m-viudos;Esclavos-f-viudos;Indefinido-m-viudos;Indefinido-f-viudos;Casas-doc;Familias-Blancos;Familias-Indios;Fam-Indefinidos;Fam-Mestizos;Fam-Castas;Fam-Negros;Fam-Esclavos;Etnia principal;Etnias;gz_id;lat_y;lon_x;cert
Curato de la Catedral;;7366;;Charcas;Yamparaez;;CHA;;;;Parroquia;1777;1777;1778;original;;;;11593;3308;0;6159;2126;0;28,53446045;0,0;53,12688691;18,33865264;0;0;0;;;;11553,0;;;;;;;;;;;;;;;;;;;;;;;;;573;770;278;573;812;302;0;0;0;0;0;0;0;0;0;0;0;0;1222;742;756;1222;1641;576;355;421;178;355;616;201;;;;;;;;;;;;;;;;;;;;;;;;;;;;;;;;;;;;;8000001;-19,0478619999313;-65,2596020002321;Buena
San Lázaro;;7367;;Charcas;Yamparaez;;CHA;;;;Parroquia;1777;1777;1778;original;;;;1207;0;1207;0;0;0;0,0;100,0;0,0;0,0;0;0;0;;;;1207,0;;;;;;;;;;;;;;;;;;;;;;;;;0;0;0;0;0;0;253;167;208;253;179;147;0;0;0;0;0;0;0;0;0;0;0;0;0;0;0;0;0;0;0,0;0,0;0,0;0,0;0,0;0,0;;;;;;;;;;;;;;;;;;;;;;;;;;;;;;;8000662;-19,0509330003576;-65,2546710003663;Buena
San Sebastián;;7368;;Charcas;Yamparaez;;CHA;;;;Parroquia;1777;1777;1778;original;;;;2581;17;2564;0;0;0;0,658659434;99,34134057;0,0;0,0;0;0;0;;;;2564,0;;;;;;;;;;;;;;;;;;;;;;;;;3;4;2;3;2;3;520;271;394;520;519;340;0;0;0;0;0;0;0;0;0;0;0;0;0;0;0;0;0;0;0,0;0,0;0,0;0,0;0,0;0,0;;;;;;;;;;;;;;;;;;;;;;;;;;;;;;;8000663;-19,0428419995586;-65,2580040002844;Buena
Charcas;;7369;;Charcas;Yamparaez;;CHA;;;;Nucleo;1777;1777;1778;original;;;;15381;3325;3771;6159;2126;0;21,61758013;24,51726156;40,04291008;13,82224823;0;0;0;;;;;;;;;;;;;;;;;;;;;;;;;;;;;576;774;280;576;814;305;773;438;602;773;698;487;0;0;0;0;0;0;1222;742;756;1222;1641;576;355;421;178;355;616;201;0,0;0,0;0,0;0,0;0,0;0,0;;;;;;;;;;;;;;;;;;;;;;;;;;;;;;;8000001;-19,0478619999313;-65,2596020002321;Buena
Guata;;7370;;Guata;Yamparaez;;CHA;;;;Curato;1777;1777;1778;original;;;;1118;11;944;107;56;0;0,983899821;84,43649374;9,570661896;5,008944544;0;0;0;;;;1118,0;;;;;;;;;;;;;;;;;;;;;;;;;2;1;0;2;3;3;225;98;147;225;98;151;0;0;0;0;0;0;23;19;16;23;12;14;16;2;8;16;4;10;0,0;0,0;0,0;0,0;0,0;0,0;;;;;;;;;;;;;;;;;;;;;;;;;;;;;;;8000077;-18,9853785143069;-65,2451227228353;Suficiente
Yotala;;7371;;Yotala;Yamparaez;;CHA;;;;Curato;1777;1777;1778;original;;;;1765;24;959;782;0;0;1,359773371;54,33427762;44,30594901;0,0;0;0;0;;;;;;;;;;;;;;;;;;;;;;;;;;;;;6;5;3;6;4;0;172;133;197;172;115;170;0;0;0;0;0;0;144;96;175;144;91;132;0;0;0;0;0;0;0,0;0,0;0,0;0,0;0,0;0,0;;;;;;;;;;;;;;;;;;;;;;;;;;;;;;;8000079;-19,1616669996323;-65,2647219998204;Buena
Aravate;;7372;;Aravate;Yamparaez;;CHA;;;;Curato;1777;1777;1778;original;;;;961;0;613;290;58;0;0,0;63,78772112;30,17689906;6,035379813;0;0;0;;;;;;;;;;;;;;;;;;;;;;;;;;;;;0;0;0;0;0;0;170;50;97;170;39;87;0;0;0;0;0;0;60;27;62;60;17;64;16;5;8;16;4;9;0,0;0,0;0,0;0,0;0,0;0,0;;;;;;;;;;;;;;;;;;;;;;;;;;;;;;;8000069;-19,0042000000299;-65,2026000002897;Buena
Quilaquila;;7373;;Quilaquila;Yamparaez;;CHA;;;;Curato;1777;1777;1778;original;;;;2023;102;1781;115;25;0;5,042016807;88,03756797;5,684626792;1,235788433;0;0;0;;;;;;;;;;;;;;;;;;;;;;;;;;;;;23;16;16;23;8;16;422;214;329;422;148;246;0;0;0;0;0;0;26;16;19;26;16;12;10;1;2;10;2;0;0,0;0,0;0,0;0,0;0,0;0,0;;;;;;;;;;;;;;;;;;;;;;;;;;;;;;;8000078;-19,1197019997475;-65,3770590001727;Buena
Yamparà;;7374;;Yamparà;Yamparaez;;CHA;;;;Curato;1777;1777;1778;original;;;;3686;73;2689;736;188;0;1,98046663;72,95170917;19,96744438;5,100379816;0;0;0;;;;;;;;;;;;;;;;;;;;;;;;;;;;;13;9;11;13;14;13;524;346;386;524;434;475;0;0;0;0;0;0;134;104;135;134;96;133;33;25;33;33;34;30;0,0;0,0;0,0;0,0;0,0;0,0;;;;;;;;;;;;;;;;;;;;;;;;;;;;;;;8000024;-19,189458999733;-65,1214300000944;Buena
Paccha;;7375;;Paccha;Yamparaez;;CHA;;;;Curato;1777;1777;1778;original;;;;1811;187;1364;213;47;0;10,32578686;75,31750414;11,76145776;2,595251242;0;0;0;;;;;;;;;;;;;;;;;;;;;;;;;;;;;29;34;26;29;20;49;469;92;114;469;95;125;0;0;0;0;0;0;42;23;39;42;31;36;10;11;10;10;2;4;0,0;0,0;0,0;0,0;0,0;0,0;;;;;;;;;;;;;;;;;;;;;;;;;;;;;;;8000071;-18,9779000003846;-65,0305000003747;Buena
Sapse;;7376;;Sapse;Yamparaez;;CHA;;;;Curato;1777;1777;1778;original;;;;1098;0;752;263;83;0;0,0;68,48816029;23,95264117;7,559198543;0;0;0;;;;;;;;;;;;;;;;;;;;;;;;;;;;;0;0;0;0;0;0;186;111;111;186;73;85;0;0;0;0;0;0;75;23;36;75;22;32;21;16;9;21;1;15;0,0;0,0;0,0;0,0;0,0;0,0;;;;;;;;;;;;;;;;;;;;;;;;;;;;;;;8000073;-18,7243899999984;-65,2776509997938;Buena
Chuxumatas;;7377;;Chuxumatas;Yamparaez;;CHA;;;;Curato;1777;1777;1778;original;;;;1321;282;426;390;223;0;21,34746404;32,24829674;29,52308857;16,88115064;0;0;0;;;;;;;;;;;;;;;;;;;;;;;;;;;;;42;38;73;42;35;52;90;36;96;90;34;80;0;0;0;0;0;0;72;46;85;72;33;82;34;23;54;34;23;55;0,0;0,0;0,0;0,0;0,0;0,0;;;;;;;;;;;;;;;;;;;;;;;;;;;;;;;8000070;-19,1394579997868;-65,1714299999945;No localizado
Copavilque;;7378;;Copavilque;Yamparaez;;CHA;;;;Curato;1777;1777;1778;original;;;;1121;219;404;316;182;0;19,53612846;36,03925067;28,18911686;16,23550401;0;0;0;;;;;;;;;;;;;;;;;;;;;;;;;;;;;40;46;30;40;30;33;94;63;47;94;54;52;0;0;0;0;0;0;32;22;36;32;140;54;31;64;13;31;28;15;0,0;0,0;0,0;0,0;0,0;0,0;;;;;;;;;;;;;;;;;;;;;;;;;;;;;;;8000081;-18,6236209998092;-65,2856400003857;Buena
Potoma;;7379;;Potoma;Yamparaez;;CHA;;;;Curato;1777;1777;1778;original;;;;2535;210;1987;235;103;0;8,284023669;78,382643;9,270216963;4,063116371;0;0;0;;;;;;;;;;;;;;;;;;;;;;;;;;;;;51;37;20;51;26;25;499;229;298;499;209;253;0;0;0;0;0;0;63;25;28;63;27;29;26;20;11;26;9;11;0,0;0,0;0,0;0,0;0,0;0,0;;;;;;;;;;;;;;;;;;;;;;;;;;;;;;;8000074;-18,5382120001836;-65,426687000005;Buena
Pocpo;;7380;;Pocpo;Yamparaez;;CHA;;;;Curato;1777;1777;1778;original;;;;2045;135;1290;541;79;0;6,601466993;63,0806846;26,45476773;3,863080685;0;0;0;;;;;;;;;;;;;;;;;;;;;;;;;;;;;25;26;26;25;20;13;301;112;231;301;142;203;0;0;0;0;0;0;110;79;93;110;70;79;18;15;12;18;5;11;0,0;0,0;0,0;0,0;0,0;0,0;;;;;;;;;;;;;;;;;;;;;;;;;;;;;;;8000075;-18,7940200004226;-65,3261630003221;Buena
Mororoco;;7381;;Mororoco;Yamparaez;;CHA;;;;Curato;1777;1777;1778;original;;;;850;104;317;229;200;0;12,23529412;37,29411765;26,94117647;23,52941176;0;0;0;;;;;;;;;;;;;;;;;;;;;;;;;;;;;28;16;12;28;9;11;75;47;45;75;37;38;0;0;0;0;0;0;47;49;30;47;23;33;37;47;24;37;32;23;0,0;0,0;0,0;0,0;0,0;0,0;;;;;;;;;;;;;;;;;;;;;;;;;;;;;;;8000072;-18,951102000257;-65,1265359999364;Buena
Siccha;;7382;;Siccha;Yamparaez;;CHA;;;;Curato;1777;1777;1778;original;;;;1438;111;723;470;134;0;7,719054242;50,27816412;32,68428373;9,318497914;0;0;0;;;;;;;;;;;;;;;;;;;;;;;;;;;;;21;25;17;21;16;11;174;82;112;174;78;103;0;0;0;0;0;0;90;69;90;90;54;77;32;18;20;32;17;15;0,0;0,0;0,0;0,0;0,0;0,0;;;;;;;;;;;;;;;;;;;;;;;;;;;;;;;8000076;-18,9146189995672;-65,2959439998157;Buena
Acachila;;7383;;Acachila;Yamparaez;;CHA;;;;Curato;1777;1777;1778;original;;;;821;145;347;267;62;0;17,66138855;42,26552984;32,52131547;7,551766139;0;0;0;;;;;;;;;;;;;;;;;;;;;;;;;;;;;24;26;23;24;21;27;87;53;33;87;53;34;0;0;0;0;0;0;64;35;40;64;34;30;15;12;7;15;7;6;0,0;0,0;0,0;0,0;0,0;0,0;;;;;;;;;;;;;;;;;;;;;;;;;;;;;;;8000362;-19,3027179895435;-65,1697623709366;Suficiente
Curato de la Matriz;;7384;;Potosi;Yamparaez;;CHA;;;;Parroquia;1777;1777;1778;original;;;;11312;4877;0;6435;0;0;43,11350778;0,0;56,88649222;0,0;0;0;0;;;;;;;;;;;;;;;;;;;;;;;;;;;;;680;1595;435;680;1023;464;0;0;0;0;0;0;0;0;0;0;0;0;741;1665;724;741;1807;757;0;0;0;0;0;0;0,0;0,0;0,0;0,0;0,0;0,0;;;;;;;;;;;;;;;;;;;;;;;;;;;;;;;8000006;-19,5892809997183;-65,7535109998327;Buena
Rezas;;7385;;Potosi;Yamparaez;;CHA;;;;Parroquia;1777;1777;1778;original;;;;726;0;0;0;726;0;0,0;0,0;0,0;100,0;0;0;0;;;;;;;;;;;;;;;;;;;;;;;;;;;;;0;0;0;0;0;0;0;0;0;0;0;0;0;0;0;0;0;0;0;0;0;0;0;0;87;145;25;87;360;22;;;;;;;;;;;;;;;;;;;;;;;;;;;;;;;;;;;;;8000675;-19,5866050004204;-65,7548240001275;Buena
San Roque;;7386;;Potosi;Yamparaez;;CHA;;;;Parroquia;1777;1777;1778;original;;;;1507;0;1507;0;0;0;0,0;100,0;0,0;0,0;0;0;0;;;;;;;;;;;;;;;;;;;;;;;;;;;;;0;0;0;0;0;0;388;33;215;388;164;319;0;0;0;0;0;0;0;0;0;0;0;0;0;0;0;0;0;0;0,0;0,0;0,0;0,0;0,0;0,0;;;;;;;;;;;;;;;;;;;;;;;;;;;;;;;8000676;-19,5812720000027;-65,7511099997267;Buena
San Bernardo;;7387;;Potosi;Yamparaez;;CHA;;;;Parroquia;1777;1777;1778;original;;;;1649;0;1649;0;0;0;0,0;100,0;0,0;0,0;0;0;0;;;;;;;;;;;;;;;;;;;;;;;;;;;;;0;0;0;0;0;0;614;80;107;614;135;99;0;0;0;0;0;0;0;0;0;0;0;0;0;0;0;0;0;0;0,0;0,0;0,0;0,0;0,0;0,0;;;;;;;;;;;;;;;;;;;;;;;;;;;;;;;8000704;-19,586605;-65,754824;
San Benito;;7388;;Potosi;Yamparaez;;CHA;;;;Parroquia;1777;1777;1778;original;;;;683;0;683;0;0;0;0,0;100,0;0,0;0,0;0;0;0;;;;;;;;;;;;;;;;;;;;;;;;;;;;;0;0;0;0;0;0;238;37;44;238;74;52;0;0;0;0;0;0;0;0;0;0;0;0;0;0;0;0;0;0;0,0;0,0;0,0;0,0;0,0;0,0;;;;;;;;;;;;;;;;;;;;;;;;;;;;;;;8000674;-19,5917340004237;-65,7593839999716;Buena
San Pedro;;7389;;Potosi;Yamparaez;;CHA;;;;Parroquia;1777;1777;1778;original;;;;1570;0;1570;0;0;0;0,0;100,0;0,0;0,0;0;0;0;;;;;;;;;;;;;;;;;;;;;;;;;;;;;0;0;0;0;0;0;558;83;125;558;143;103;0;0;0;0;0;0;0;0;0;0;0;0;0;0;0;0;0;0;0,0;0,0;0,0;0,0;0,0;0,0;;;;;;;;;;;;;;;;;;;;;;;;;;;;;;;8000672;-19,5946269998361;-65,7519570001154;Buena
San Pablo;;7390;;Potosi;Yamparaez;;CHA;;;;Parroquia;1777;1777;1778;original;;;;1932;0;1932;0;0;0;0,0;100,0;0,0;0,0;0;0;0;;;;;;;;;;;;;;;;;;;;;;;;;;;;;0;0;0;0;0;0;743;86;139;743;108;113;0;0;0;0;0;0;0;0;0;0;0;0;0;0;0;0;0;0;0,0;0,0;0,0;0,0;0,0;0,0;;;;;;;;;;;;;;;;;;;;;;;;;;;;;;;8000669;-19,5927250002585;-65,7499199997082;Buena
Santiago;;7391;;Potosi;Yamparaez;;CHA;;;;Parroquia;1777;1777;1778;original;;;;1316;0;1316;0;0;0;0,0;100,0;0,0;0,0;0;0;0;;;;;;;;;;;;;;;;;;;;;;;;;;;;;0;0;0;0;0;0;498;73;85;498;68;94;0;0;0;0;0;0;0;0;0;0;0;0;0;0;0;0;0;0;0,0;0,0;0,0;0,0;0,0;0,0;;;;;;;;;;;;;;;;;;;;;;;;;;;;;;;8000673;-19,5922699999605;-65,7548500004272;Buena
San Juan;;7392;;Potosi;Yamparaez;;CHA;;;;Parroquia;1777;1777;1778;original;;;;1181;0;1181;0;0;0;0,0;100,0;0,0;0,0;0;0;0;;;;;;;;;;;;;;;;;;;;;;;;;;;;;0;0;0;0;0;0;415;115;134;415;78;24;0;0;0;0;0;0;0;0;0;0;0;0;0;0;0;0;0;0;0,0;0,0;0,0;0,0;0,0;0,0;;;;;;;;;;;;;;;;;;;;;;;;;;;;;;;8000670;-19,5903389999448;-65,7461939996533;Buena
Concepción;;7393;;Potosi;Yamparaez;;CHA;;;;Parroquia;1777;1777;1778;original;;;;2500;0;2500;0;0;0;0,0;100,0;0,0;0,0;0;0;0;;;;;;;;;;;;;;;;;;;;;;;;;;;;;0;0;0;0;0;0;469;362;424;469;324;452;0;0;0;0;0;0;0;0;0;0;0;0;0;0;0;0;0;0;0,0;0,0;0,0;0,0;0,0;0,0;;;;;;;;;;;;;;;;;;;;;;;;;;;;;;;8000671;-19,5925830000054;-65,7469539996274;Buena
Potosi;;7394;;Potosi;Yamparaez;;CHA;;;;Nucleo;1777;1777;1778;original;;;;24376;4877;12338;6435;726;0;20,00738431;50,61535937;26,39891697;2,97833935;0;0;0;;;;;;;;;;;;;;;;;;;;;;;;;;;;;680;1595;435;680;1023;464;3923;869;1273;3923;1094;1256;0;0;0;0;0;0;741;1665;724;741;1807;757;87;145;25;87;360;22;0,0;0,0;0,0;0,0;0,0;0,0;;;;;;;;;;;;;;;;;;;;;;;;;;;;;;;8000006;-19,5892809997183;-65,7535109998327;Buena
Curato de la Villa;;7395;;Cochabamba;Cochabamba;;CHA;;;;Curato;1777;1777;1778;original;;;;9488;3253;2566;3264;405;0;34,28541315;27,04468803;34,40134907;4,268549747;0;0;0;;;;;;;;;;;;;;;;;;;;;;;;;;;;;475;488;450;475;929;436;430;294;363;430;606;443;0;0;0;0;0;0;525;435;553;525;693;533;47;68;58;47;117;68;;;;;;;;;;;;;;;;;;;;;;;;;;;;;;;;;;;;;8000004;-17,3935420000632;-66,1570139995964;Buena
Sacava;;7396;;Sacava;Cochabamba;;CHA;;;;Curato;1777;1777;1778;original;;;;3719;271;1931;1517;0;0;7,286905082;51,92255983;40,79053509;0,0;0;0;0;;;;;;;;;;;;;;;;;;;;;;;;;;;;;61;40;26;61;51;32;621;200;122;621;281;86;0;0;0;0;0;0;432;263;36;432;318;36;0;0;0;0;0;0;0,0;0,0;0,0;0,0;0,0;0,0;;;;;;;;;;;;;;;;;;;;;;;;;;;;;;;8000028;-17,4038860004385;-66,0403710003214;Buena
Quillacollo;;7397;;Quillacollo;Cochabamba;;CHA;;;;Curato;1777;1777;1778;original;;;;4171;1166;1338;1511;156;0;27,95492688;32,07863822;36,22632462;3,740110285;0;0;0;;;;;;;;;;;;;;;;;;;;;;;;;;;;;185;148;239;185;163;246;350;206;120;350;182;130;0;0;0;0;0;0;250;162;343;250;160;346;32;17;31;32;13;31;0,0;0,0;0,0;0,0;0,0;0,0;;;;;;;;;;;;;;;;;;;;;;;;;;;;;;;8000098;-17,3976030002782;-66,2816509996939;Buena
Passo;;7398;;Passo;Cochabamba;;CHA;;;;Curato;1777;1777;1778;original;;;;1916;177;1241;498;0;0;9,237995825;64,77035491;25,99164927;0,0;0;0;0;;;;;;;;;;;;;;;;;;;;;;;;;;;;;27;49;10;27;21;43;256;206;127;256;243;153;0;0;0;0;0;0;118;72;97;118;35;58;0;0;0;0;0;0;0,0;0,0;0,0;0,0;0,0;0,0;;;;;;;;;;;;;;;;;;;;;;;;;;;;;;;9900990;-17,3372059103244;-66,2649404899116;Buena
Tiquipaya;;7399;;Tiquipaya;Cochabamba;;CHA;;;;Curato;1777;1777;1778;original;;;;2760;321;1863;519;57;0;11,63043478;67,5;18,80434783;2,065217391;0;0;0;;;;;;;;;;;;;;;;;;;;;;;;;;;;;64;54;43;64;62;34;448;166;335;448;189;277;0;0;0;0;0;0;110;52;93;110;56;98;9;10;18;9;4;7;0,0;0,0;0,0;0,0;0,0;0,0;;;;;;;;;;;;;;;;;;;;;;;;;;;;;;;8000099;-17,338071999723;-66,2188029999584;Buena
Sipesipe;;7400;;Sipesipe;Cochabamba;;CHA;;;;Curato;1777;1777;1778;original;;;;4270;609;2411;1174;76;0;14,26229508;56,46370023;27,4941452;1,779859485;0;0;0;;;;;;;;;;;;;;;;;;;;;;;;;;;;;95;99;130;95;96;94;439;290;478;439;296;469;0;0;0;0;0;0;231;141;225;231;151;195;19;11;10;19;9;8;0,0;0,0;0,0;0,0;0,0;0,0;;;;;;;;;;;;;;;;;;;;;;;;;;;;;;;8000097;-17,4535280000171;-66,3579340002539;Buena
Arque;;7401;;Arque;Cochabamba;;CHA;;;;Curato;1777;1777;1778;original;;;;4975;449;3436;1024;66;0;9,025125628;69,06532663;20,58291457;1,326633166;0;0;0;;;;;;;;;;;;;;;;;;;;;;;;;;;;;76;78;73;76;71;75;761;289;669;761;396;560;0;0;0;0;0;0;189;136;220;189;130;160;18;11;6;18;7;6;0,0;0,0;0,0;0,0;0,0;0,0;;;;;;;;;;;;;;;;;;;;;;;;;;;;;;;8000025;-17,8212085628249;-66,4042621015147;Buena
Caraza;;7402;;Caraza;Cochabamba;;CHA;;;;Curato;1777;1777;1778;original;;;;7238;794;4183;2215;46;0;10,96988118;57,79220779;30,60237635;0,635534678;0;0;0;;;;;;;;;;;;;;;;;;;;;;;;;;;;;122;140;141;122;125;144;761;523;793;761;576;769;0;0;0;0;0;0;397;299;391;397;314;417;5;13;8;5;9;6;0,0;0,0;0,0;0,0;0,0;0,0;;;;;;;;;;;;;;;;;;;;;;;;;;;;;;;8000085;-17,6260099995618;-66,257311999649;Buena
Colcha;;7403;;Colcha;Cochabamba;;CHA;;;;Curato;1777;1777;1778;original;;;;8070;249;6337;1484;0;0;3,085501859;78,52540273;18,38909542;0,0;0;0;0;;;;;;;;;;;;;;;;;;;;;;;;;;;;;49;56;14;49;61;20;1194;883;979;1194;1103;984;0;0;0;0;0;0;304;193;235;304;194;254;0;0;0;0;0;0;0,0;0,0;0,0;0,0;0,0;0,0;;;;;;;;;;;;;;;;;;;;;;;;;;;;;;;8000083;-17,8552075964533;-66,4197760786031;Buena
Machacamarca;;7404;;Machacamarca;Cochabamba;;CHA;;;;Curato;1777;1777;1778;original;;;;4186;372;3111;703;0;0;8,886765409;74,3191591;16,79407549;0,0;0;0;0;;;;;;;;;;;;;;;;;;;;;;;;;;;;;68;56;54;68;66;60;750;282;513;750;289;527;0;0;0;0;0;0;153;81;137;153;67;112;0;0;0;0;0;0;0,0;0,0;0,0;0,0;0,0;0,0;;;;;;;;;;;;;;;;;;;;;;;;;;;;;;;8000089;-17,1217419997934;-66,8687309998357;Buena
Tani;;7405;;Tani;Cochabamba;;CHA;;;;Curato;1777;1777;1778;original;;;;5650;1222;2765;1403;260;0;21,62831858;48,9380531;24,83185841;4,601769912;0;0;0;;;;;;;;;;;;;;;;;;;;;;;;;;;;;201;273;241;201;105;201;608;289;499;608;292;469;0;0;0;0;0;0;327;153;226;327;162;208;52;37;51;52;36;32;;;;;;;;;;;;;;;;;;;;;;;;;;;;;;;;;;;;;8000088;-17,2146239995978;-66,6553979996179;Buena
Capinota;;7406;;Capinota;Cochabamba;;CHA;;;;Curato;1777;1777;1778;original;;;;3895;66;3257;572;0;0;1,694480103;83,62002567;14,68549422;0,0;0;0;0;;;;;;;;;;;;;;;;;;;;;;;;;;;;;11;11;11;11;13;9;931;403;472;931;307;213;0;0;0;0;0;0;102;105;93;102;91;79;0;0;0;0;0;0;0,0;0,0;0,0;0,0;0,0;0,0;;;;;;;;;;;;;;;;;;;;;;;;;;;;;;;8000084;-17,714704999636;-66,2628139997663;Buena
Choquecamata;;7407;;Choquecamata;Cochabamba;;CHA;;;;Curato;1777;1777;1778;original;;;;804;140;319;339;6;0;17,41293532;39,67661692;42,1641791;0,746268657;0;0;0;;;;;;;;;;;;;;;;;;;;;;;;;;;;;27;27;23;27;17;19;72;36;60;72;34;45;0;0;0;0;0;0;66;43;53;66;62;49;1;3;0;1;1;0;0,0;0,0;0,0;0,0;0,0;0,0;;;;;;;;;;;;;;;;;;;;;;;;;;;;;;;8000096;-16,9150999996652;-66,6186999998051;Buena
Tapacarí;;7408;;Tapacarí;Cochabamba;;CHA;;;;Curato;1777;1777;1778;original;;;;7280;103;6593;584;0;0;1,414835165;90,56318681;8,021978022;0,0;0;0;0;;;;;;;;;;;;;;;;;;;;;;;;;;;;;21;19;11;21;11;20;1414;1100;1003;1414;1050;612;0;0;0;0;0;0;139;94;67;139;78;67;0;0;0;0;0;0;0,0;0,0;0,0;0,0;0,0;0,0;;;;;;;;;;;;;;;;;;;;;;;;;;;;;;;8000029;-17,5163290002831;-66,6204060002367;Buena
Tarija;;7409;;Villa de Tarija;Chichas;;CHA;;;;Curato;1777;1777;1778;original;;;;8477;1427;2303;3192;1555;0;16,83378554;27,16763006;37,65483072;18,34375369;0;0;0;;;;;;;;;;;;;;;;;;;;;;;;;;;;;212;233;216;212;318;236;385;325;387;385;376;445;0;0;0;0;0;0;514;468;650;514;476;570;243;256;263;243;285;265;;;;;;;;;;;;;;;;;;;;;;;;;;;;;;;;;;;;;8000017;-21,5330259996501;-64,7360689996846;Buena
Concepción;;7410;;Concepción;Chichas;;CHA;;;;Curato;1777;1777;1778;original;;;;8728;1631;2304;2122;2671;0;18,68698442;26,39780018;24,31255729;30,60265811;0;0;0;;;;;;;;;;;;;;;;;;;;;;;;;;;;;221;304;304;221;312;269;320;438;445;320;419;362;0;0;0;0;0;0;279;397;382;279;415;370;445;458;473;445;374;476;;;;;;;;;;;;;;;;;;;;;;;;;;;;;;;;;;;;;8000186;-21,6959350002001;-64,1700369602375;Buena
San Lorenzo;;7411;;San Lorenzo;Chichas;;CHA;;;;Curato;1777;1777;1778;original;;;;5508;18;1648;2111;1731;0;0,326797386;29,92011619;38,32607117;31,42701525;0;0;0;;;;;;;;;;;;;;;;;;;;;;;;;;;;;2;6;2;2;4;2;102;326;389;102;336;393;0;0;0;0;0;0;202;464;496;202;250;497;433;446;160;433;136;123;;;;;;;;;;;;;;;;;;;;;;;;;;;;;;;;;;;;;8000185;-21,4156230004011;-64,7508879995815;Buena
Tupiza;;7412;;Villa de Tupiza;Chichas;;CHA;;;;Curato;1777;1777;1778;original;;;;6616;608;3187;2580;241;0;9,189842805;48,17110036;38,99637243;3,642684401;0;0;0;;;;;;;;;;;;;;;;;;;;;;;;;;;;;150;70;100;150;52;86;700;400;650;700;238;499;0;0;0;0;0;0;500;400;600;500;249;331;60;20;50;60;19;32;0,0;0,0;0,0;0,0;0,0;0,0;;;;;;;;;;;;;;;;;;;;;;;;;;;;;;;8000038;-21,4428390000198;-65,7205699997057;Buena
Calcha;;7413;;Calcha;Chichas;;CHA;;;;Curato;1777;1777;1778;original;;;;4079;371;2642;1024;42;0;9,095366511;64,77077715;25,1041922;1,029664133;0;0;0;;;;;;;;;;;;;;;;;;;;;;;;;;;;;80;76;33;80;77;25;555;411;294;555;507;320;0;0;0;0;0;0;209;155;129;209;200;122;5;5;5;5;12;10;0,0;0,0;0,0;0,0;0,0;0,0;;;;;;;;;;;;;;;;;;;;;;;;;;;;;;;8000165;-20,3687500001124;-65,4650700001803;Buena
Talina;;7414;;Talina;Chichas;;CHA;;;;Curato;1777;1777;1778;original;;;;5531;110;4160;888;373;0;1,988790454;75,21243898;16,05496294;6,74380763;0;0;0;;;;;;;;;;;;;;;;;;;;;;;;;;;;;20;14;18;20;16;22;1595;200;327;1595;100;343;0;0;0;0;0;0;250;100;120;250;70;98;98;28;70;98;20;59;0,0;0,0;0,0;0,0;0,0;0,0;;;;;;;;;;;;;;;;;;;;;;;;;;;;;;;8000163;-21,752700000005;-65,8243999998601;Buena
Santiago de Cotagayta;;7415;;Santiago de Cotagayta;Chichas;;CHA;;;;Curato;1777;1777;1778;original;;;;2131;335;1247;549;0;0;15,7203191;58,51712811;25,76255279;0,0;0;0;0;;;;;;;;;;;;;;;;;;;;;;;;;;;;;60;59;46;60;70;40;332;157;142;332;172;112;0;0;0;0;0;0;114;74;91;114;85;71;0;0;0;0;0;0;0,0;0,0;0,0;0,0;0,0;0,0;;;;;;;;;;;;;;;;;;;;;;;;;;;;;;;8000164;-20,8171999996802;-65,660899999935;Buena
Chocaya;;7416;;Chocaya;Chichas;;CHA;;;;Curato;1777;1777;1778;original;;;;2082;267;1653;149;13;0;12,82420749;79,39481268;7,156580211;0,624399616;0;0;0;;;;;;;;;;;;;;;;;;;;;;;;;;;;;55;36;52;55;34;35;361;185;304;361;170;272;0;0;0;0;0;0;29;24;26;29;17;24;2;3;1;2;4;1;0,0;0,0;0,0;0,0;0,0;0,0;;;;;;;;;;;;;;;;;;;;;;;;;;;;;;;8000480;-20,9737999997701;-66,3314999998251;Buena
Matriz;;7417;;Matriz;Oruro;;CHA;;;;Barrio;1777;1777;1778;original;;;;3912;1828;0;1968;116;0;46,72801636;0,0;50,30674847;2,965235174;0;0;0;;;;;;;;;;;;;;;;;;;;;;;;;;;;;241;239;210;241;712;185;0;0;0;0;0;0;0;0;0;0;0;0;240;221;291;240;651;325;12;20;12;12;49;11;;;;;;;;;;;;;;;;;;;;;;;;;;;;;;;;;;;;;8000010;-17,9694660001558;-67,1143640002983;Buena
Rancheria;;7418;;Rancheria;Oruro;;CHA;;;;Barrio;1777;1777;1778;original;;;;1271;0;1271;0;0;0;0,0;100,0;0,0;0,0;0;0;0;;;;;;;;;;;;;;;;;;;;;;;;;;;;;0;0;0;0;0;0;211;400;120;211;295;34;0;0;0;0;0;0;0;0;0;0;0;0;0;0;0;0;0;0;0,0;0,0;0,0;0,0;0,0;0,0;;;;;;;;;;;;;;;;;;;;;;;;;;;;;;;8000664;-17,9704319997369;-67,1130340001189;Buena
Oruro;;7419;;Oruro;Oruro;;CHA;;;;Nucleo;1777;1777;1778;original;;;;5183;1828;1271;1968;116;0;35,26914914;24,52247733;37,97028748;2,238086051;0;0;0;;;;;;;;;;;;;;;;;;;;;;;;;;;;;241;239;210;241;712;185;211;400;120;211;295;34;0;0;0;0;0;0;240;221;291;240;651;325;12;20;12;12;49;11;0,0;0,0;0,0;0,0;0,0;0,0;;;;;;;;;;;;;;;;;;;;;;;;;;;;;;;8000010;-17,9694660001558;-67,1143640002983;Buena
Porco;;7420;;Porco;Porco;;CHA;;;;Curato;1777;1777;1778;original;;;;1132;57;960;115;0;0;5,035335689;84,80565371;10,1590106;0,0;0;0;0;;;;;;;;;;;;;;;;;;;;;;;;;;;;;12;7;13;12;5;8;221;109;185;221;79;145;0;0;0;0;0;0;24;14;20;24;9;24;0;0;0;0;0;0;0,0;0,0;0,0;0,0;0,0;0,0;;;;;;;;;;;;;;;;;;;;;;;;;;;;;;;8000170;-19,7988839996968;-65,988849000381;Buena
Puna;;7421;;Puna;Porco;;CHA;;;;Curato;1777;1777;1778;original;;;;5768;96;5022;620;30;0;1,664355062;87,0665742;10,74895978;0,520110957;0;0;0;;;;;;;;;;;;;;;;;;;;;;;;;;;;;23;10;10;23;22;8;1412;487;575;1412;595;541;0;0;0;0;0;0;223;48;54;223;32;40;9;5;6;9;1;0;0,0;0,0;0,0;0,0;0,0;0,0;;;;;;;;;;;;;;;;;;;;;;;;;;;;;;;8000016;-19,7944439999906;-65,5058330003926;Buena
Chaqui;;7422;;Chaqui;Porco;;CHA;;;;Curato;1777;1777;1778;original;;;;5676;114;5391;171;0;0;2,00845666;94,97885835;3,012684989;0,0;0;0;0;;;;;;;;;;;;;;;;;;;;;;;;;;;;;20;14;24;20;8;28;1151;496;883;1151;628;1082;0;0;0;0;0;0;34;19;26;34;36;22;0;0;0;0;0;0;0,0;0,0;0,0;0,0;0,0;0,0;;;;;;;;;;;;;;;;;;;;;;;;;;;;;;;8000174;-19,5883160001832;-65,5614860001787;Buena
Cayza;;7423;;Cayza;Porco;;CHA;;;;Curato;1777;1777;1778;original;;;;5000;31;4359;610;0;0;0,62;87,18;12,2;0,0;0;0;0;;;;;;;;;;;;;;;;;;;;;;;;;;;;;6;3;8;6;7;1;1032;534;530;1032;668;563;0;0;0;0;0;0;110;52;128;110;63;147;0;0;0;0;0;0;0,0;0,0;0,0;0,0;0,0;0,0;;;;;;;;;;;;;;;;;;;;;;;;;;;;;;;8000168;-20,00739999991;-65,6536999997551;Suficiente
Toropalca;;7424;;Toropalca;Porco;;CHA;;;;Curato;1777;1777;1778;original;;;;1916;0;1507;409;0;0;0,0;78,65344468;21,34655532;0,0;0;0;0;;;;;;;;;;;;;;;;;;;;;;;;;;;;;0;0;0;0;0;0;310;272;192;310;237;186;0;0;0;0;0;0;104;46;51;104;56;48;0;0;0;0;0;0;0,0;0,0;0,0;0,0;0,0;0,0;;;;;;;;;;;;;;;;;;;;;;;;;;;;;;;8000169;-20,3185429996597;-65,7083029996837;Buena
Bartholo;;7425;;Bartholo;Porco;;CHA;;;;Curato;1777;1777;1778;original;;;;2306;271;1656;379;0;0;11,75195143;71,81266262;16,43538595;0,0;0;0;0;;;;;;;;;;;;;;;;;;;;;;;;;;;;;50;48;31;50;48;44;340;207;301;340;180;288;0;0;0;0;0;0;61;65;56;61;60;76;0;0;0;0;0;0;0,0;0,0;0,0;0,0;0,0;0,0;;;;;;;;;;;;;;;;;;;;;;;;;;;;;;;8000176;-19,5522380001835;-65,4532389995802;Buena
Sipooxo;;7426;;Sipooxo;Porco;;CHA;;;;Curato;1777;1777;1778;original;;;;947;16;829;91;11;0;1,689545935;87,53959873;9,609292503;1,16156283;0;0;0;;;;;;;;;;;;;;;;;;;;;;;;;;;;;3;8;1;3;0;1;166;101;124;166;138;134;0;0;0;0;0;0;21;21;11;21;8;9;2;2;1;2;2;2;0,0;0,0;0,0;0,0;0,0;0,0;;;;;;;;;;;;;;;;;;;;;;;;;;;;;;;8000181;-19,3604539999521;-65,4619189996621;Buena
Tomahave;;7427;;Tomahave;Porco;;CHA;;;;Curato;1777;1777;1778;original;;;;4151;92;3929;108;22;0;2,216333414;94,65189111;2,601782703;0,529992773;0;0;0;;;;;;;;;;;;;;;;;;;;;;;;;;;;;15;31;11;15;13;7;954;566;468;954;465;522;0;0;0;0;0;0;27;16;13;27;14;11;0;0;0;0;0;0;6,0;2,0;0,0;6,0;5,0;3,0;;;;;;;;;;;;;;;;;;;;;;;;;;;;;;;8000172;-20,0648350000352;-66,5317710002315;Buena
Miculpaya;;7428;;Miculpaya;Porco;;CHA;;;;Curato;1777;1777;1778;original;;;;2084;170;1380;200;334;0;8,157389635;66,21880998;9,596928983;16,0268714;0;0;0;;;;;;;;;;;;;;;;;;;;;;;;;;;;;20;30;60;20;20;20;250;290;242;250;168;180;0;0;0;0;0;0;40;25;36;40;27;32;0;0;0;0;0;0;60,0;40,0;124,0;60,0;28,0;22,0;;;;;;;;;;;;;;;;;;;;;;;;;;;;;;;8000180;-19,7556099997017;-65,3756800004317;Buena
Tinquipaya;;7429;;Tinquipaya;Porco;;CHA;;;;Curato;1777;1777;1778;original;;;;6254;149;6015;79;11;0;2,382475216;96,17844579;1,263191557;0,175887432;0;0;0;;;;;;;;;;;;;;;;;;;;;;;;;;;;;28;15;22;28;32;24;1297;626;1102;1297;603;1090;0;0;0;0;0;0;18;9;16;18;6;12;1;1;2;1;0;6;0,0;0,0;0,0;0,0;0,0;0,0;;;;;;;;;;;;;;;;;;;;;;;;;;;;;;;8000175;-19,2203980001675;-65,8232800003717;Buena
Esquiri Mataca alta;;7430;;Esquiri Mataca alta;Porco;;CHA;;;;Curato;1777;1777;1778;original;;;;3140;210;2160;580;190;0;6,687898089;68,78980892;18,47133758;6,050955414;0;0;0;;;;;;;;;;;;;;;;;;;;;;;;;;;;;40;23;40;40;24;43;360;290;468;360;298;384;0;0;0;0;0;0;115;80;100;115;50;120;36;26;35;36;25;32;0,0;0,0;0,0;0,0;0,0;0,0;;;;;;;;;;;;;;;;;;;;;;;;;;;;;;;8000177;-19,6429479996504;-65,219004999581;Buena
Santa Ana Mataca vaja;;7431;;Santa Ana Mataca vaja;Porco;;CHA;;;;Curato;1777;1777;1778;original;;;;2089;193;1160;610;126;0;9,238870273;55,52896123;29,20057444;6,031594064;0;0;0;;;;;;;;;;;;;;;;;;;;;;;;;;;;;56;30;20;56;15;16;225;175;170;225;185;180;0;0;0;0;0;0;100;80;125;100;60;145;20;16;25;20;15;30;0,0;0,0;0,0;0,0;0,0;0,0;;;;;;;;;;;;;;;;;;;;;;;;;;;;;;;8000184;-19,7191730002338;-65,4186499998975;Buena
Tacobamba;;7432;;Tacobamba;Porco;;CHA;;;;Curato;1777;1777;1778;original;;;;5262;489;4081;658;34;0;9,29304447;77,55606233;12,50475105;0,646142151;0;0;0;;;;;;;;;;;;;;;;;;;;;;;;;;;;;150;41;43;150;62;43;784;412;758;784;491;852;0;0;0;0;0;0;121;73;156;121;58;129;6;6;3;6;8;5;0,0;0,0;0,0;0,0;0,0;0,0;;;;;;;;;;;;;;;;;;;;;;;;;;;;;;;8000183;-19,2011110001725;-65,5525000003747;Buena
Turuchipa;;7433;;Turuchipa;Porco;;CHA;;;;Curato;1777;1777;1778;original;;;;2148;321;1009;355;463;0;14,94413408;46,97392924;16,52700186;21,55493482;0;0;0;;;;;;;;;;;;;;;;;;;;;;;;;;;;;55;61;43;55;66;41;207;154;127;207;176;138;0;0;0;0;0;0;73;72;49;73;56;32;81;82;67;81;90;62;0,0;0,0;0,0;0,0;0,0;0,0;;;;;;;;;;;;;;;;;;;;;;;;;;;;;;;8000179;-19,819671999663;-64,9412829996107;Buena
Potobamba;;7434;;Potobamba;Porco;;CHA;;;;Curato;1777;1777;1778;original;;;;3597;31;2916;642;8;0;0,861829302;81,0675563;17,84820684;0,222407562;0;0;0;;;;;;;;;;;;;;;;;;;;;;;;;;;;;8;4;4;8;1;6;336;795;350;336;785;314;0;0;0;0;0;0;118;125;80;118;116;85;0;0;0;0;0;0;2,0;3,0;0,0;2,0;0,0;1,0;;;;;;;;;;;;;;;;;;;;;;;;;;;;;;;8000182;-19,321019999873;-65,375219999903;Buena
Tuna;;7435;;Tuna;Porco;;CHA;;;;Curato;1777;1777;1778;original;;;;1317;16;1301;0;0;0;1,214882308;98,78511769;0,0;0,0;0;0;0;;;;;;;;;;;;;;;;;;;;;;;;;;;;;3;2;2;3;4;2;275;212;166;275;198;175;0;0;0;0;0;0;0;0;0;0;0;0;0;0;0;0;0;0;0,0;0,0;0,0;0,0;0,0;0,0;;;;;;;;;;;;;;;;;;;;;;;;;;;;;;;8000171;-20,0734010002559;-66,1249919995811;Buena
Pocopoco;;7436;;Pocopoco;Porco;;CHA;;;;Curato;1777;1777;1778;original;;;;1926;164;687;745;330;0;8,515057113;35,66978193;38,68120457;17,13395639;0;0;0;;;;;;;;;;;;;;;;;;;;;;;;;;;;;25;43;23;25;21;27;128;97;102;128;75;157;0;0;0;0;0;0;113;91;143;113;121;164;0;0;0;0;0;0;63,0;32,0;31,0;63,0;61,0;80,0;;;;;;;;;;;;;;;;;;;;;;;;;;;;;;;8000178;-19,3770000003497;-65,0127999998201;Buena
Chulchucani;;7437;;Chulchucani;Porco;;CHA;;;;Curato;1777;1777;1778;original;;;;2629;13;2197;419;0;0;0,494484595;83,56789654;15,93761887;0,0;0;0;0;;;;;;;;;;;;;;;;;;;;;;;;;;;;;4;1;2;4;1;1;471;254;409;471;259;333;0;0;0;0;0;0;28;118;65;28;111;69;0;0;0;0;0;0;0,0;0,0;0,0;0,0;0,0;0,0;;;;;;;;;;;;;;;;;;;;;;;;;;;;;;;8000695;-19,4678999995853;-65,6284999995753;Suficiente
Tarapaya;;7438;;Tarapaya;Porco;;CHA;;;;Curato;1777;1777;1778;original;;;;1712;8;1704;0;0;0;0,46728972;99,53271028;0,0;0,0;0;0;0;;;;;;;;;;;;;;;;;;;;;;;;;;;;;1;3;0;1;3;0;374;298;202;374;281;175;0;0;0;0;0;0;0;0;0;0;0;0;0;0;0;0;0;0;0,0;0,0;0,0;0,0;0,0;0,0;;;;;;;;;;;;;;;;;;;;;;;;;;;;;;;8000637;-19,4745260002746;-65,7967350002201;Buena
Salinas de Yocalla;;7439;;Salinas de Yocalla;Porco;;CHA;;;;Curato;1777;1777;1778;original;;;;1086;28;957;101;0;0;2,578268877;88,12154696;9,300184162;0,0;0;0;0;;;;;;;;;;;;;;;;;;;;;;;;;;;;;6;1;4;6;10;1;237;85;179;237;75;144;0;0;0;0;0;0;20;5;19;20;18;19;0;0;0;0;0;0;0,0;0,0;0,0;0,0;0,0;0,0;;;;;;;;;;;;;;;;;;;;;;;;;;;;;;;8000636;-19,3899999999999;-65,9091669995573;Buena
Curato de Chayanta;;7440;;Chayanta;Chayanta;;CHA;;;;Curato;1777;1777;1778;original;;;;3327;140;3187;0;0;0;4,207995191;95,79200481;0,0;0,0;0;0;0;;;;;;;;;;;;;;;;;;;;;;;;;;;;;24;20;12;24;40;20;773;254;523;773;396;468;0;0;0;0;0;0;0;0;0;0;0;0;0;0;0;0;0;0;0,0;0,0;0,0;0,0;0,0;0,0;;;;;;;;;;;;;;;;;;;;;;;;;;;;;;;8000037;-18,4608660000658;-66,4430469997192;Buena
Chayantacas;;7441;;Chayantacas;Chayanta;;CHA;;;;Curato;1777;1777;1778;original;;;;3952;111;3628;199;14;0;2,808704453;91,80161943;5,035425101;0,354251012;0;0;0;;;;;;;;;;;;;;;;;;;;;;;;;;;;;20;17;18;20;26;10;829;360;534;829;499;577;0;0;0;0;0;0;35;24;37;35;26;42;2;0;3;2;4;3;0,0;0,0;0,0;0,0;0,0;0,0;;;;;;;;;;;;;;;;;;;;;;;;;;;;;;;8000037;-18,4608660000658;-66,4430469997192;Buena
San Pedro de Buenavista;;7442;;San Pedro de Buenavista;Chayanta;;CHA;;;;Curato;1777;1777;1778;original;;;;3097;82;2791;224;0;0;2,647723603;90,11947046;7,232805941;0,0;0;0;0;;;;;;;;;;;;;;;;;;;;;;;;;;;;;16;16;8;16;22;4;882;321;173;882;395;138;0;0;0;0;0;0;57;40;12;57;49;9;0;0;0;0;0;0;0,0;0,0;0,0;0,0;0,0;0,0;;;;;;;;;;;;;;;;;;;;;;;;;;;;;;;8000150;-18,2705560003591;-65,9808330003427;Buena
Miraflores;;7443;;Miraflores;Chayanta;;CHA;;;;Curato;1777;1777;1778;original;;;;2161;69;1923;167;2;0;3,192966219;88,98658029;7,727903748;0,092549745;0;0;0;;;;;;;;;;;;;;;;;;;;;;;;;;;;;17;9;7;17;7;12;416;276;316;416;233;266;0;0;0;0;0;0;34;19;16;34;40;24;0;1;0;0;1;0;0,0;0,0;0,0;0,0;0,0;0,0;;;;;;;;;;;;;;;;;;;;;;;;;;;;;;;8000152;-18,4660363895677;-66,5645201902545;Buena
Moromoro;;7444;;Moromoro;Chayanta;;CHA;;;;Curato;1777;1777;1778;original;;;;4510;278;3744;427;61;0;6,164079823;83,01552106;9,467849224;1,352549889;0;0;0;;;;;;;;;;;;;;;;;;;;;;;;;;;;;36;55;67;36;48;36;784;427;573;784;493;683;0;0;0;0;0;0;80;43;76;80;71;77;14;9;11;14;7;6;0,0;0,0;0,0;0,0;0,0;0,0;;;;;;;;;;;;;;;;;;;;;;;;;;;;;;;8000156;-18,7420261495871;-65,5918258794607;Suficiente
Pitantora;;7445;;Pitantora;Chayanta;;CHA;;;;Curato;1777;1777;1778;original;;;;4012;460;2759;721;72;0;11,46560319;68,76869392;17,97108674;1,794616152;0;0;0;;;;;;;;;;;;;;;;;;;;;;;;;;;;;74;68;95;74;78;71;629;255;554;629;247;445;0;0;0;0;0;0;132;94;140;132;115;108;17;17;4;17;10;7;0,0;0,0;0,0;0,0;0,0;0,0;;;;;;;;;;;;;;;;;;;;;;;;;;;;;;;8000155;-18,6961570002453;-65,6292479998953;Buena
Guaycoma;;7446;;Guarycoma;Chayanta;;CHA;;;;Curato;1777;1777;1778;original;;;;1572;42;1280;233;17;0;2,671755725;81,42493639;14,82188295;1,081424936;0;0;0;;;;;;;;;;;;;;;;;;;;;;;;;;;;;9;6;6;9;10;2;335;149;209;335;112;140;0;0;0;0;0;0;40;67;32;40;29;25;5;1;2;5;3;1;0,0;0,0;0,0;0,0;0,0;0,0;;;;;;;;;;;;;;;;;;;;;;;;;;;;;;;8000154;-18,5843740002599;-65,5212790004255;Buena
Micani;;7447;;Micani;Chayanta;;CHA;;;;Curato;1777;1777;1778;original;;;;806;31;678;97;0;0;3,846153846;84,1191067;12,03473945;0,0;0;0;0;;;;;;;;;;;;;;;;;;;;;;;;;;;;;8;6;3;8;4;2;216;59;64;216;63;60;0;0;0;0;0;0;26;6;19;26;8;12;0;0;0;0;0;0;0,0;0,0;0,0;0,0;0,0;0,0;;;;;;;;;;;;;;;;;;;;;;;;;;;;;;;8000151;-18,3689829995657;-65,8333390001947;Buena
Acacio;;7448;;Acacio;Chayanta;;CHA;;;;Curato;1777;1777;1778;original;;;;5890;527;4297;988;78;0;8,947368421;72,95415959;16,77419355;1,324278438;0;0;0;;;;;;;;;;;;;;;;;;;;;;;;;;;;;95;83;85;95;100;69;1076;545;621;1076;483;496;0;0;0;0;0;0;203;140;139;203;166;137;15;8;15;15;6;19;0,0;0,0;0,0;0,0;0,0;0,0;;;;;;;;;;;;;;;;;;;;;;;;;;;;;;;8000149;-18,0241670001069;-66,0588889999274;Buena
Aymaya;;7449;;Aymaya;Chayanta;;CHA;;;;Curato;1777;1777;1778;original;;;;2305;36;2154;110;5;0;1,561822126;93,44902386;4,772234273;0,21691974;0;0;0;;;;;;;;;;;;;;;;;;;;;;;;;;;;;8;4;1;8;10;5;465;247;364;465;309;304;0;0;0;0;0;0;27;10;18;27;14;14;2;0;0;2;0;1;0,0;0,0;0,0;0,0;0,0;0,0;;;;;;;;;;;;;;;;;;;;;;;;;;;;;;;8000147;-18,4488326502066;-66,4612532601298;Buena
Panacachi;;7450;;Panacachi;Chayanta;;CHA;;;;Curato;1777;1777;1778;original;;;;1576;7;1468;95;6;0;0,444162437;93,14720812;6,027918782;0,38071066;0;0;0;;;;;;;;;;;;;;;;;;;;;;;;;;;;;1;3;1;1;0;1;302;159;244;302;196;265;0;0;0;0;0;0;17;8;21;17;12;20;1;0;1;1;0;3;0,0;0,0;0,0;0,0;0,0;0,0;;;;;;;;;;;;;;;;;;;;;;;;;;;;;;;8000160;-18,424847000089;-66,2842920000757;Buena
Pocoata;;7451;;Pocoata;Chayanta;;CHA;;;;Curato;1777;1777;1778;original;;;;4454;159;4085;193;17;0;3,569824877;91,71531208;4,333183655;0,381679389;0;0;0;;;;;;;;;;;;;;;;;;;;;;;;;;;;;37;20;30;37;13;22;1394;265;390;1394;300;342;0;0;0;0;0;0;37;30;26;37;29;34;3;0;3;3;5;3;0,0;0,0;0,0;0,0;0,0;0,0;;;;;;;;;;;;;;;;;;;;;;;;;;;;;;;8000161;-18,6988490002811;-66,1626860003586;Buena
Macha;;7452;;Macha;Chayanta;;CHA;;;;Curato;1777;1777;1778;original;;;;6556;231;5721;598;6;0;3,523489933;87,26357535;9,121415497;0,091519219;0;0;0;;;;;;;;;;;;;;;;;;;;;;;;;;;;;84;25;14;84;11;13;1360;696;1032;1360;420;853;0;0;0;0;0;0;134;79;104;134;71;76;0;0;0;0;4;2;0,0;0,0;0,0;0,0;0,0;0,0;;;;;;;;;;;;;;;;;;;;;;;;;;;;;;;8000158;-18,8175000004246;-66,0372219998953;Buena
Carazi;;7453;;Caxazi;Chayanta;;CHA;;;;Curato;1777;1777;1778;original;;;;3890;268;3209;262;151;0;6,889460154;82,49357326;6,735218509;3,881748072;0;0;0;;;;;;;;;;;;;;;;;;;;;;;;;;;;;46;42;40;46;53;41;757;368;551;757;318;458;0;0;0;0;0;0;63;36;42;63;31;27;37;20;19;37;16;22;0,0;0,0;0,0;0,0;0,0;0,0;;;;;;;;;;;;;;;;;;;;;;;;;;;;;;;8000153;-18,3188859996891;-65,6891179998958;Buena
Moscari;;7454;;Moscari;Chayanta;;CHA;;;;Curato;1777;1777;1778;original;;;;3467;160;2914;393;0;0;4,614940871;84,04961061;11,33544851;0,0;0;0;0;;;;;;;;;;;;;;;;;;;;;;;;;;;;;33;40;12;33;22;20;611;660;179;611;531;322;0;0;0;0;0;0;115;31;17;115;79;36;0;0;0;0;0;0;0,0;0,0;0,0;0,0;0,0;0,0;;;;;;;;;;;;;;;;;;;;;;;;;;;;;;;8000159;-18,3628000004196;-66,0150999995653;Suficiente
Aullagas;;7455;;Aullagas;Chayanta;;CHA;;;;Curato;1777;1777;1778;original;;;;4425;923;1453;2041;8;0;20,85875706;32,83615819;46,12429379;0,18079096;0;0;0;;;;;;;;;;;;;;;;;;;;;;;;;;;;;187;143;138;187;157;111;296;274;252;296;229;106;0;0;0;0;0;0;679;354;78;679;205;46;1;4;0;1;2;0;0,0;0,0;0,0;0,0;0,0;0,0;;;;;;;;;;;;;;;;;;;;;;;;;;;;;;;8000157;-18,6837999996702;-65,9993000002947;Buena
Sacaca;;7456;;Sacaca;Chayanta;;CHA;;;;Curato;1777;1777;1778;original;;;;11562;404;11158;0;0;0;3,494205155;96,50579485;0,0;0,0;0;0;0;;;;;;;;;;;;;;;;;;;;;;;;;;;;;84;63;51;84;73;49;2541;1527;1379;2541;1667;1503;0;0;0;0;0;0;0;0;0;0;0;0;0;0;0;0;0;0;0,0;0,0;0,0;0,0;0,0;0,0;;;;;;;;;;;;;;;;;;;;;;;;;;;;;;;8000148;-18,0694439998407;-66,3844439996908;Buena
San Ildefonso de Paria;;7457;;San Ildefonso de Paria;Paria;;CHA;;;;Curato;1777;1777;1778;original;;;;3267;4;3262;0;1;0;0,122436486;99,84695439;0,0;0,030609122;0;0;0;;;;;;;;;;;;;;;;;;;;;;;;;;;;;2;0;0;2;0;0;1079;262;350;1079;207;285;0;0;0;0;0;0;0;0;0;0;0;0;0;0;0;0;0;0;0,0;1,0;0,0;0,0;0,0;0,0;;;;;;;;;;;;;;;;;;;;;;;;;;;;;;;8000049;-17,8222060000069;-67,0203559998295;Buena
Caracollo;;7458;;Caracollo;Paria;;CHA;;;;Curato;1777;1777;1778;original;;;;3979;50;3830;99;0;0;1,256597135;96,25534054;2,488062327;0,0;0;0;0;;;;;;;;;;;;;;;;;;;;;;;;;;;;;8;6;11;8;12;5;763;465;740;763;450;649;0;0;0;0;0;0;20;8;16;20;15;20;0;0;0;0;0;0;0,0;0,0;0,0;0,0;0,0;0,0;;;;;;;;;;;;;;;;;;;;;;;;;;;;;;;9900187;-17,6511593598166;-67,215286180213;Buena
Soracora;;7459;;Soracoxa;Paria;;CHA;;;;Curato;1777;1777;1778;original;;;;5192;710;4126;277;79;0;13,67488444;79,46841294;5,335130971;1,521571649;0;0;0;;;;;;;;;;;;;;;;;;;;;;;;;;;;;148;102;99;148;112;101;871;461;733;871;489;701;0;0;0;0;0;0;47;43;48;47;39;53;17;16;13;17;8;8;0,0;0,0;0,0;0,0;0,0;0,0;;;;;;;;;;;;;;;;;;;;;;;;;;;;;;;8000282;-18,1699509996389;-66,9641050003455;Buena
Condocondo;;7460;;Condocondo;Paria;;CHA;;;;Curato;1777;1777;1778;original;;;;6895;157;6623;115;0;0;2,277012328;96,0551124;1,667875272;0,0;0;0;0;;;;;;;;;;;;;;;;;;;;;;;;;;;;;26;27;24;26;27;27;1427;684;1211;1427;754;1120;0;0;0;0;0;0;27;11;18;27;10;22;0;0;0;0;0;0;0,0;0,0;0,0;0,0;0,0;0,0;;;;;;;;;;;;;;;;;;;;;;;;;;;;;;;8000055;-19,0435000002248;-66,7453999997102;Buena
Challapata;;7461;;Challapata;Paria;;CHA;;;;Curato;1777;1777;1778;original;;;;5108;0;5108;0;0;0;0,0;100,0;0,0;0,0;0;0;0;;;;;;;;;;;;;;;;;;;;;;;;;;;;;0;0;0;0;0;0;953;711;797;953;886;808;0;0;0;0;0;0;0;0;0;0;0;0;0;0;0;0;0;0;0,0;0,0;0,0;0,0;0,0;0,0;;;;;;;;;;;;;;;;;;;;;;;;;;;;;;;8000056;-18,8997799996472;-66,7710750002111;Buena
Coroma;;7462;;Coxoma;Paria;;CHA;;;;Curato;1777;1777;1778;original;;;;2785;39;2731;15;0;0;1,400359066;98,06104129;0,538599641;0,0;0;0;0;;;;;;;;;;;;;;;;;;;;;;;;;;;;;10;12;1;10;3;3;606;388;292;606;537;302;0;0;0;0;0;0;2;2;3;2;4;2;0;0;0;0;0;0;0,0;0,0;0,0;0,0;0,0;0,0;;;;;;;;;;;;;;;;;;;;;;;;;;;;;;;8000173;-19,5297219996705;-66,8138889996775;Buena
Quillacas;;7463;;Quillacas;Paria;;CHA;;;;Curato;1777;1777;1778;original;;;;786;0;728;58;0;0;0,0;92,62086514;7,37913486;0,0;0;0;0;;;;;;;;;;;;;;;;;;;;;;;;;;;;;0;0;0;0;0;0;150;104;117;150;98;109;0;0;0;0;0;0;10;11;5;10;11;11;0;0;0;0;0;0;0,0;0,0;0,0;0,0;0,0;0,0;;;;;;;;;;;;;;;;;;;;;;;;;;;;;;;8000054;-19,2330560002342;-66,9416669998321;Buena
Challacollo;;7464;;Challacollo;Paria;;CHA;;;;Curato;1777;1777;1778;original;;;;1830;1;1829;0;0;0;0,054644809;99,94535519;0,0;0,0;0;0;0;;;;;;;;;;;;;;;;;;;;;;;;;;;;;0;1;0;0;0;0;466;209;317;466;129;242;0;0;0;0;0;0;0;0;0;0;0;0;0;0;0;0;0;0;0,0;0,0;0,0;0,0;0,0;0,0;;;;;;;;;;;;;;;;;;;;;;;;;;;;;;;8000052;-18,0777960000853;-67,2400150003919;Buena
Toledo;;7465;;Toledo;Paria;;CHA;;;;Curato;1777;1777;1778;original;;;;6385;2;6381;2;0;0;0,031323414;99,93735317;0,031323414;0,0;0;0;0;;;;;;;;;;;;;;;;;;;;;;;;;;;;;1;0;0;1;0;0;1164;694;1113;1164;1047;1199;0;0;0;0;0;0;0;0;1;0;0;1;0;0;0;0;0;0;0,0;0,0;0,0;0,0;0,0;0,0;;;;;;;;;;;;;;;;;;;;;;;;;;;;;;;8000053;-18,1813890001022;-67,4061110004223;Buena
Poopo;;7466;;Poopo;Paria;;CHA;;;;Curato;1777;1777;1778;original;;;;7481;203;6908;348;22;0;2,71354097;92,34059618;4,651784521;0,294078332;0;0;0;;;;;;;;;;;;;;;;;;;;;;;;;;;;;17;39;36;17;51;43;1360;783;1038;1360;1054;1313;0;0;0;0;0;0;51;55;46;51;68;77;6;2;4;6;1;3;0,0;0,0;0,0;0,0;0,0;0,0;;;;;;;;;;;;;;;;;;;;;;;;;;;;;;;8000021;-18,3801910002144;-66,9658010003159;Buena
Salinas de Garcimendoza;;7467;;Salinas de Garcimendoza;Paria;;CHA;;;;Curato;1777;1777;1778;original;;;;1777;0;1672;105;0;0;0,0;94,09116488;5,908835115;0,0;0;0;0;;;;;;;;;;;;;;;;;;;;;;;;;;;;;0;0;0;0;0;0;353;376;63;353;442;85;0;0;0;0;0;0;26;19;1;26;30;3;0;0;0;0;0;0;0,0;0,0;0,0;0,0;0,0;0,0;;;;;;;;;;;;;;;;;;;;;;;;;;;;;;;8000011;-19,637777999555;-67,6752779997798;Buena
Santiago de Tomina;;7468;;Santiago de Tomina;Tomina;;CHA;;;;Curato;1777;1777;1778;original;;;;4272;358;1519;1685;710;0;8,380149813;35,5571161;39,4428839;16,61985019;0;0;0;;;;;;;;;;;;;;;;;;;;;;;;;;;;;49;71;60;49;62;67;259;244;290;259;235;232;0;0;0;0;0;0;240;321;327;240;277;280;107;167;134;107;109;86;;;;;;;;;;;;;;;;;;;;;;;;;;;;;;;;;;;;;8000013;-19,1852780002794;-64,4613889997025;Buena
Laguna;;7469;;Laguna;Tomina;;CHA;;;;Curato;1777;1777;1778;original;;;;4560;1131;923;1788;718;0;24,80263158;20,24122807;39,21052632;15,74561404;0;0;0;;;;;;;;;;;;;;;;;;;;;;;;;;;;;180;150;139;180;303;179;172;155;179;172;127;118;0;0;0;0;0;0;239;299;273;239;406;332;130;119;130;130;112;97;;;;;;;;;;;;;;;;;;;;;;;;;;;;;;;;;;;;;8000012;-19,3078010000161;-64,3026039995749;Buena
Tacopaya;;7470;;Tacopaya;Tomina;;CHA;;;;Curato;1777;1777;1778;original;;;;1751;485;722;366;178;0;27,69845802;41,23358081;20,90234152;10,16561965;0;0;0;;;;;;;;;;;;;;;;;;;;;;;;;;;;;73;93;89;73;77;80;134;105;125;134;102;122;0;0;0;0;0;0;55;63;73;55;51;69;27;37;36;27;19;32;;;;;;;;;;;;;;;;;;;;;;;;;;;;;;;;;;;;;8000068;-19,119979999977;-64,7028700002502;Buena
Morocoya;;7471;;Morocoya;Tomina;;CHA;;;;Curato;1777;1777;1778;original;;;;1638;536;936;166;0;0;32,72283272;57,14285714;10,13431013;0,0;0;0;0;;;;;;;;;;;;;;;;;;;;;;;;;;;;;80;103;76;80;122;75;228;155;106;228;113;106;0;0;0;0;0;0;25;33;22;25;23;38;0;0;0;0;0;0;0,0;0,0;0,0;0,0;0,0;0,0;;;;;;;;;;;;;;;;;;;;;;;;;;;;;;;8000063;-18,8290709998267;-64,6188879998812;Buena
Pomabamba;;7472;;Pomabamba;Tomina;;CHA;;;;Curato;1777;1777;1778;original;;;;4993;1861;1857;1083;192;0;37,27218105;37,1920689;21,69036651;3,845383537;0;0;0;;;;;;;;;;;;;;;;;;;;;;;;;;;;;303;293;356;303;274;332;337;249;340;337;273;321;0;0;0;0;0;0;185;181;202;185;144;186;34;34;37;34;32;21;;;;;;;;;;;;;;;;;;;;;;;;;;;;;;;;;;;;;8000023;-20,1049999996502;-64,4144440003903;Buena
Presto;;7473;;Presto;Tomina;;CHA;;;;Curato;1777;1777;1778;original;;;;1332;187;806;339;0;0;14,03903904;60,51051051;25,45045045;0,0;0;0;0;;;;;;;;;;;;;;;;;;;;;;;;;;;;;37;28;25;37;34;26;205;96;146;205;86;68;0;0;0;0;0;0;66;55;52;66;35;65;0;0;0;0;0;0;0,0;0,0;0,0;0,0;0,0;0,0;;;;;;;;;;;;;;;;;;;;;;;;;;;;;;;8000064;-18,9299030002232;-64,937698999809;Buena
Villar;;7474;;Villar;Tomina;;CHA;;;;Curato;1777;1777;1778;original;;;;2517;543;620;774;580;0;21,57330155;24,63249901;30,75089392;23,04330552;0;0;0;;;;;;;;;;;;;;;;;;;;;;;;;;;;;90;119;68;90;97;79;99;82;120;99;150;70;0;0;0;0;0;0;100;155;150;100;157;112;74;133;86;74;112;101;;;;;;;;;;;;;;;;;;;;;;;;;;;;;;;;;;;;;8000067;-19,6288889997275;-64,3111109997728;Buena
Tarabuco;;7475;;Tarabuco;Tomina;;CHA;;;;Curato;1777;1777;1778;original;;;;4684;312;3527;766;79;0;6,660973527;75,29888984;16,35354398;1,686592656;0;0;0;;;;;;;;;;;;;;;;;;;;;;;;;;;;;69;39;47;69;45;43;762;361;497;762;437;708;0;0;0;0;0;0;130;101;152;130;109;144;14;24;7;14;12;8;;;;;;;;;;;;;;;;;;;;;;;;;;;;;;;;;;;;;8000065;-19,1802050001606;-64,9162370002373;Buena
Sopachuy;;7476;;Sopachuy;Tomina;;CHA;;;;Curato;1777;1777;1778;original;;;;2265;322;637;1113;193;0;14,21633554;28,12362031;49,13907285;8,520971302;0;0;0;;;;;;;;;;;;;;;;;;;;;;;;;;;;;55;50;59;55;49;54;112;100;102;112;100;111;0;0;0;0;0;0;185;192;206;185;146;199;35;30;35;35;18;40;0,0;0,0;0,0;0,0;0,0;0,0;;;;;;;;;;;;;;;;;;;;;;;;;;;;;;;8000066;-19,4858330000928;-64,4736110003474;Buena
Colquemarca;;7477;;Colquemarca;Carangas;;CHA;;;;Curato;1777;1777;1778;original;;;;3348;0;3260;88;0;0;0,0;97,37156511;2,628434886;0,0;0;0;0;;;;;;;;;;;;;;;;;;;;;;;;;;;;;0;0;0;0;0;0;662;327;589;662;461;559;0;0;0;0;0;0;16;17;11;16;16;12;0;0;0;0;0;0;0,0;0,0;0,0;0,0;0,0;0,0;;;;;;;;;;;;;;;;;;;;;;;;;;;;;;;8000048;-18,350274000145;-67,6821219997304;Buena
Chuquicota;;7478;;Chuquicota;Carangas;;CHA;;;;Curato;1777;1777;1778;original;;;;1886;15;1747;112;12;0;0,79533404;92,62990456;5,938494168;0,636267232;0;0;0;;;;;;;;;;;;;;;;;;;;;;;;;;;;;4;1;0;4;3;3;288;168;302;288;413;288;0;0;0;0;0;0;17;18;8;17;33;19;3;3;2;3;1;0;0,0;0,0;0,0;0,0;0,0;0,0;;;;;;;;;;;;;;;;;;;;;;;;;;;;;;;8000046;-18,0982239996378;-67,8955049995561;Buena
Guayllamarca;;7479;;Guayllamarca;Carangas;;CHA;;;;Curato;1777;1777;1778;original;;;;1995;13;1849;133;0;0;0,651629073;92,68170426;6,666666667;0,0;0;0;0;;;;;;;;;;;;;;;;;;;;;;;;;;;;;2;4;2;2;2;1;372;150;354;372;295;306;0;0;0;0;0;0;25;9;31;25;14;29;0;0;0;0;0;0;0,0;0,0;0,0;0,0;0,0;0,0;;;;;;;;;;;;;;;;;;;;;;;;;;;;;;;8000045;-17,8389441621433;-67,9421090874644;Buena
Totora;;7480;;Totora;Carangas;;CHA;;;;Curato;1777;1777;1778;original;;;;1481;0;1400;81;0;0;0,0;94,53072248;5,469277515;0,0;0;0;0;;;;;;;;;;;;;;;;;;;;;;;;;;;;;0;0;0;0;0;0;264;150;265;264;218;239;0;0;0;0;0;0;11;14;20;11;11;14;0;0;0;0;0;0;0,0;0,0;0,0;0,0;0,0;0,0;;;;;;;;;;;;;;;;;;;;;;;;;;;;;;;8000044;-17,792741000097;-68,1454029997486;Buena
Turco;;7481;;Turco;Carangas;;CHA;;;;Curato;1777;1777;1778;original;;;;1419;0;1304;115;0;0;0,0;91,8957012;8,104298802;0,0;0;0;0;;;;;;;;;;;;;;;;;;;;;;;;;;;;;0;0;0;0;0;0;305;126;225;305;180;163;0;0;0;0;0;0;17;23;21;17;17;20;0;0;0;0;0;0;0,0;0,0;0,0;0,0;0,0;0,0;;;;;;;;;;;;;;;;;;;;;;;;;;;;;;;8000043;-18,1808329996432;-68,1927780000046;Buena
Curaguara;;7482;;Curaguara;Carangas;;CHA;;;;Curato;1777;1777;1778;original;;;;1276;0;1263;13;0;0;0,0;98,98119122;1,018808777;0,0;0;0;0;;;;;;;;;;;;;;;;;;;;;;;;;;;;;0;0;0;0;0;0;329;162;149;329;174;120;0;0;0;0;0;0;2;2;3;2;4;0;0;0;0;0;0;0;0,0;0,0;0,0;0,0;0,0;0,0;;;;;;;;;;;;;;;;;;;;;;;;;;;;;;;8000020;-17,8433330003177;-68,4086110003973;Buena
Andamarca;;7483;;Andamarca;Carangas;;CHA;;;;Curato;1777;1777;1778;original;;;;2068;7;2039;22;0;0;0,338491296;98,59767892;1,063829787;0,0;0;0;0;;;;;;;;;;;;;;;;;;;;;;;;;;;;;1;3;2;1;0;0;497;77;344;497;299;325;0;0;0;0;0;0;5;2;4;5;2;4;0;0;0;0;0;0;0,0;0,0;0,0;0,0;0,0;0,0;;;;;;;;;;;;;;;;;;;;;;;;;;;;;;;8000047;-18,7786339995594;-67,5074889999174;Buena
Guachacalla;;7484;;Guachacalla;Carangas;;CHA;;;;Curato;1777;1777;1778;original;;;;2208;133;2075;0;0;0;6,023550725;93,97644928;0,0;0,0;0;0;0;;;;;;;;;;;;;;;;;;;;;;;;;;;;;29;12;22;29;18;23;507;48;503;507;122;388;0;0;0;0;0;0;0;0;0;0;0;0;0;0;0;0;0;0;0,0;0,0;0,0;0,0;0,0;0,0;;;;;;;;;;;;;;;;;;;;;;;;;;;;;;;8000042;-18,7938889997775;-68,2611109999726;Buena
Pilaya;;7485;;Pilaya;Pilaya;;CHA;;;;Curato;1777;1777;1778;original;;;;1280;207;331;742;0;0;16,171875;25,859375;57,96875;0,0;0;0;0;;;;;;;;;;;;;;;;;;;;;;;;;;;;;35;19;57;35;14;47;63;34;76;63;25;70;0;0;0;0;0;0;147;103;153;147;55;137;0;0;0;0;0;0;0,0;0,0;0,0;0,0;0,0;0,0;;;;;;;;;;;;;;;;;;;;;;;;;;;;;;;8000061;-20,9166999998051;-64,7668000004197;Buena
Acchilla;;7486;;Acchilla;Pilaya;;CHA;;;;Curato;1777;1777;1778;original;;;;1947;122;1149;607;69;0;6,266050334;59,01386749;31,17616846;3,543913713;0;0;0;;;;;;;;;;;;;;;;;;;;;;;;;;;;;16;1;40;16;3;46;300;170;102;300;166;111;0;0;0;0;0;0;113;66;116;113;82;117;11;9;25;11;4;9;0,0;0,0;0,0;0,0;0,0;0,0;;;;;;;;;;;;;;;;;;;;;;;;;;;;;;;8000058;-20,3248000004197;-64,8038999998851;Buena
Santa Elena;;7487;;Santa Elena;Pilaya;;CHA;;;;Curato;1777;1777;1778;original;;;;2905;234;1675;825;171;0;8,055077453;57,65920826;28,39931153;5,886402754;0;0;0;;;;;;;;;;;;;;;;;;;;;;;;;;;;;46;40;22;46;46;34;519;138;127;519;191;181;0;0;0;0;0;0;143;149;110;143;152;128;27;40;12;27;49;16;0,0;0,0;0,0;0,0;0,0;0,0;;;;;;;;;;;;;;;;;;;;;;;;;;;;;;;8000060;-20,5822930001218;-64,776185999784;Buena
San Lucas;;7488;;San Lucas;Pilaya;;CHA;;;;Curato;1777;1777;1778;original;;;;4428;114;3529;752;33;0;2,574525745;79,69738031;16,9828365;0,745257453;0;0;0;;;;;;;;;;;;;;;;;;;;;;;;;;;;;11;12;34;11;19;27;761;537;537;761;482;451;0;0;0;0;0;0;112;130;151;112;123;124;6;7;7;6;4;3;0,0;0,0;0,0;0,0;0,0;0,0;;;;;;;;;;;;;;;;;;;;;;;;;;;;;;;8000057;-20,1025000003747;-65,1333330004176;Buena
Pisuani;;7489;;Pisuani;Pilaya;;CHA;;;;Curato;1777;1777;1778;original;;;;1964;632;1168;164;0;0;32,17922607;59,47046843;8,350305499;0,0;0;0;0;;;;;;;;;;;;;;;;;;;;;;;;;;;;;113;46;180;113;30;150;256;24;306;256;53;273;0;0;0;0;0;0;33;4;48;33;6;40;0;0;0;0;0;0;0,0;0,0;0,0;0,0;0,0;0,0;;;;;;;;;;;;;;;;;;;;;;;;;;;;;;;8000059;-20,303299999995;-64,6744999995753;Buena
Sinti;;7490;;Sinti;Pilaya;;CHA;;;;Curato;1777;1777;1778;original;;;;7323;2241;2321;1353;1408;0;30,60221221;31,69466066;18,47603441;19,22709272;0;0;0;;;;;;;;;;;;;;;;;;;;;;;;;;;;;422;297;471;422;379;250;623;294;228;623;330;223;0;0;0;0;0;0;335;189;126;335;235;133;365;189;127;365;213;149;;;;;;;;;;;;;;;;;;;;;;;;;;;;;;;;;;;;;8000022;-20,6376139998861;-65,2086080003589;Buena
Sicasica;;7491;;Sicasica;Sicasica;;CHA;;;;Curato;1777;1777;1778;original;;;;5119;307;4811;0;1;0;5,997265091;93,98319984;0,0;0,019535065;0;0;0;;;;;;;;;;;;;;;;;;;;;;;;;;;;;45;74;28;45;90;25;870;1163;562;870;949;397;0;0;0;0;0;0;0;0;0;0;0;0;0;0;0;0;1;0;0,0;0,0;0,0;0,0;0,0;0,0;;;;;;;;;;;;;;;;;;;;;;;;;;;;;;;8000034;-17,3329520001346;-67,7389620002961;Buena
Yaco;;7492;;Yaco;Sicasica;;CHA;;;;Curato;1777;1777;1778;original;;;;5253;441;4342;387;83;0;8,395202741;82,65752903;7,367218732;1,580049496;0;0;0;;;;;;;;;;;;;;;;;;;;;;;;;;;;;103;42;85;103;66;42;1265;512;416;1265;501;383;0;0;0;0;0;0;77;52;80;77;58;43;23;12;7;23;15;3;0,0;0,0;0,0;0,0;0,0;0,0;;;;;;;;;;;;;;;;;;;;;;;;;;;;;;;8000132;-17,1586260000898;-67,4112629996877;Buena
Luribay;;7493;;Luribay;Sicasica;;CHA;;;;Curato;1777;1777;1778;original;;;;5144;879;3745;297;223;0;17,08786936;72,80326594;5,773716952;4,335147745;0;0;0;;;;;;;;;;;;;;;;;;;;;;;;;;;;;70;156;175;70;240;168;765;389;682;765;496;648;0;0;0;0;0;0;55;51;49;55;46;41;90;11;8;90;10;14;0,0;0,0;0,0;0,0;0,0;0,0;;;;;;;;;;;;;;;;;;;;;;;;;;;;;;;8000138;-17,0628200003427;-67,6607119998588;Buena
Mohosa;;7494;;Mohosa;Sicasica;;CHA;;;;Curato;1777;1777;1778;original;;;;7759;77;7428;247;7;0;0,992395927;95,73398634;3,183399923;0,090217812;0;0;0;;;;;;;;;;;;;;;;;;;;;;;;;;;;;11;23;9;11;15;8;1616;786;1427;1616;734;1249;0;0;0;0;0;0;53;38;42;53;39;22;1;4;1;1;0;0;0,0;0,0;0,0;0,0;0,0;0,0;;;;;;;;;;;;;;;;;;;;;;;;;;;;;;;8000137;-17,2316899996937;-67,125939999931;Buena
Cavari;;7495;;Cavari;Sicasica;;CHA;;;;Curato;1777;1777;1778;original;;;;4215;537;3289;381;8;0;12,74021352;78,03084223;9,039145907;0,189798339;0;0;0;;;;;;;;;;;;;;;;;;;;;;;;;;;;;88;100;107;88;89;65;672;388;604;672;439;514;0;0;0;0;0;0;66;81;65;66;77;26;3;0;1;3;1;0;0,0;0,0;0,0;0,0;0,0;0,0;;;;;;;;;;;;;;;;;;;;;;;;;;;;;;;8000135;-17,0805043266133;-66,9907403931546;Suficiente
San Christoval;;7496;;San Christoval;Lipez;;CHA;;;;Curato;1777;1777;1778;original;;;;1286;74;1212;0;0;0;5,754276827;94,24572317;0,0;0,0;0;0;0;;;;;;;;;;;;;;;;;;;;;;;;;;;;;13;16;12;13;9;11;337;136;210;337;66;126;0;0;0;0;0;0;0;0;0;0;0;0;0;0;0;0;0;0;0,0;0,0;0,0;0,0;0,0;0,0;;;;;;;;;;;;;;;;;;;;;;;;;;;;;;;8000166;-21,1540020000922;-67,1661289997535;Buena
Comoraca;;7497;;Comoxaca;Lipez;;CHA;;;;Curato;1777;1777;1778;original;;;;1685;18;1300;357;10;0;1,068249258;77,15133531;21,18694362;0,59347181;0;0;0;;;;;;;;;;;;;;;;;;;;;;;;;;;;;4;1;4;4;1;4;264;131;249;264;140;252;0;0;0;0;0;0;77;41;67;77;40;55;2;2;0;2;4;0;0,0;0,0;0,0;0,0;0,0;0,0;;;;;;;;;;;;;;;;;;;;;;;;;;;;;;;8000476;-21,6956699996707;-66,2280999997152;Buena
Llica y Tagua;;7498;;Llica y Tagua;Lipez;;CHA;;;;Curato;1777;1777;1778;original;;;;1241;0;1241;0;0;0;0,0;100,0;0,0;0,0;0;0;0;;;;;;;;;;;;;;;;;;;;;;;;;;;;;0;0;0;0;0;0;214;142;268;214;137;266;0;0;0;0;0;0;0;0;0;0;0;0;0;0;0;0;0;0;0,0;0,0;0,0;0,0;0,0;0,0;;;;;;;;;;;;;;;;;;;;;;;;;;;;;;;8000234;-19,8505580003514;-68,2498010000161;Buena
San Antonio;;7499;;San Antonio;Lipez;;CHA;;;;Curato;1777;1777;1778;original;;;;173;35;138;0;0;0;20,23121387;79,76878613;0,0;0,0;0;0;0;;;;;;;;;;;;;;;;;;;;;;;;;;;;;9;6;3;9;6;2;38;26;8;38;20;8;0;0;0;0;0;0;0;0;0;0;0;0;0;0;0;0;0;0;0,0;0,0;0,0;0,0;0,0;0,0;;;;;;;;;;;;;;;;;;;;;;;;;;;;;;;8000039;-21,8735170874436;-66,8825398982976;Buena
Callapa;;7500;;Callapa;Pacajes;;CHA;;;;Curato;1777;1777;1778;original;;;;1115;0;1065;50;0;0;0,0;95,51569507;4,484304933;0,0;0;0;0;;;;;;;;;;;;;;;;;;;;;;;;;;;;;0;0;0;0;0;0;345;91;96;345;97;91;0;0;0;0;0;0;9;3;10;9;10;9;0;0;0;0;0;0;0,0;0,0;0,0;0,0;0,0;0,0;;;;;;;;;;;;;;;;;;;;;;;;;;;;;;;8000122;-17,4794439999406;-68,3552779996799;Buena
Tulloma;;7501;;Tulloma;Pacajes;;CHA;;;;Curato;1777;1777;1778;original;;;;1013;0;972;41;0;0;0,0;95,95261599;4,047384008;0,0;0;0;0;;;;;;;;;;;;;;;;;;;;;;;;;;;;;0;0;0;0;0;0;180;119;192;180;119;182;0;0;0;0;0;0;6;3;12;6;8;6;0;0;0;0;0;0;0,0;0,0;0,0;0,0;0,0;0,0;;;;;;;;;;;;;;;;;;;;;;;;;;;;;;;8000124;-17,4912300002642;-68,4907729995742;Buena
Joya;;7502;;Joya;Pacajes;;CHA;;;;Curato;1777;1777;1778;original;;;;2439;85;2354;0;0;0;3,48503485;96,51496515;0,0;0,0;0;0;0;;;;;;;;;;;;;;;;;;;;;;;;;;;;;15;15;8;15;14;18;645;215;304;645;258;287;0;0;0;0;0;0;0;0;0;0;0;0;0;0;0;0;0;0;0,0;0,0;0,0;0,0;0,0;0,0;;;;;;;;;;;;;;;;;;;;;;;;;;;;;;;8000123;-17,6547219998204;-68,0486110003973;Buena
San Pedro Atacama;;7503;;San Pedro Atacama;Atacama;;CHA;;;;Curato;1777;1777;1778;original;;;;1905;55;1732;108;10;0;2,887139108;90,91863517;5,669291339;0,524934383;0;0;0;;;;;;;;;;;;;;;;;;;;;;;;;;;;;7;13;6;7;14;8;243;286;249;243;404;307;0;0;0;0;0;0;12;16;18;12;33;17;0;5;0;0;3;2;0,0;0,0;0,0;0,0;0,0;0,0;;;;;;;;;;;;;;;;;;;;;;;;;;;;;;;8000036;-22,9106910001894;-68,2000930000918;Buena
San Francisco de Chiuchiu;;7504;;San Francisco de Chiuchiu;Atacama;;CHA;;;;Curato;1777;1777;1778;original;;;;795;56;578;161;0;0;7,044025157;72,70440252;20,25157233;0,0;0;0;0;;;;;;;;;;;;;;;;;;;;;;;;;;;;;8;11;15;8;7;7;93;85;113;93;120;74;0;0;0;0;0;0;21;33;26;21;30;30;0;0;0;0;0;0;0,0;0,0;0,0;0,0;0,0;0,0;;;;;;;;;;;;;;;;;;;;;;;;;;;;;;;8000146;-22,3428620001811;-68,6500659997461;Buena
